native_program_id,native_program_name,trusted_panel_tier,initial_review_call,manual_review_priority,waus8730_gene_id,preferred_name,source_leiden_clusters,best_marker_rank,max_marker_score,evidence_level,annotation_summary,reason_for_inclusion,review_note,manual_decision,manual_decision_notes,mean_expression,detection_fraction,manual_recommended_decision,manual_review_confidence,annotation_fit_to_program,suggested_program_adjustment,manual_expression_check,manual_review_notes_recommended
carbon_fixation_assimilation,Carbon fixation / assimilation,core_marker,keep_initial,high,Waus8730.v1.chr9.g148620,RCA,6;8,1,33.4219,high,Ribulose bisphosphate carboxylase oxygenase activase,High-evidence marker with top-five rank in at least one Wolffia Leiden cluster and interpretable annotation.,Strong ranked marker with interpretable annotation; keep for first-pass scoring unless manual review finds a problem.,,,4.195725211330547,0.9947672320461928,keep,high,direct,,All-cell detection fraction 0.995; mean normalized expression 4.196. Use notebook plots to confirm cluster specificity.,"RCA activates Rubisco, directly supporting carbon fixation/assimilation."
carbon_fixation_assimilation,Carbon fixation / assimilation,core_marker,keep_initial,high,Waus8730.v1.chr13.g040080,-,0;11;12,1,30.9583,high,fructose-bisphosphate aldolase,High-evidence marker with top-five rank in at least one Wolffia Leiden cluster and interpretable annotation.,Strong ranked marker with interpretable annotation; keep for first-pass scoring unless manual review finds a problem.,,,1.6587794744755846,0.6903644893540238,keep,high,direct,,All-cell detection fraction 0.690; mean normalized expression 1.659. Use notebook plots to confirm cluster specificity.,Fructose-bisphosphate aldolase is a Calvin-cycle/carbon-assimilation enzyme.
carbon_fixation_assimilation,Carbon fixation / assimilation,core_marker,keep_initial,high,Waus8730.v1.chr11.g023520,-,0;4;11,3,39.6595,high,"RuBisCO catalyzes two reactions the carboxylation of D- ribulose 1,5-bisphosphate, the primary event in carbon dioxide fixation, as well as the oxidative fragmentation of the pentose substrate. Both reactions occur simultaneously and in competition at the same",High-evidence marker with top-five rank in at least one Wolffia Leiden cluster and interpretable annotation.,Strong ranked marker with interpretable annotation; keep for first-pass scoring unless manual review finds a problem.,,,4.162279895205015,0.9963911945146156,keep,high,direct,,All-cell detection fraction 0.996; mean normalized expression 4.162. Use notebook plots to confirm cluster specificity.,Rubisco annotation directly supports carbon fixation.
carbon_fixation_assimilation,Carbon fixation / assimilation,core_marker,keep_initial,high,Waus8730.v1.chr20.g087750,-,9,3,36.451,high,Bifunctional monodehydroascorbate reductase and carbonic anhydrase nectarin-3,High-evidence marker with top-five rank in at least one Wolffia Leiden cluster and interpretable annotation.,Strong ranked marker with interpretable annotation; keep for first-pass scoring unless manual review finds a problem.,,,0.4965631073447636,0.22924936845904,maybe,medium,partial,stress_chaperone_response,All-cell detection fraction 0.229; mean normalized expression 0.497. Use notebook plots to confirm cluster specificity.,"Carbonic anhydrase supports CO2 balance, but this bifunctional annotation also suggests oxidative/stress biology; keep as cautious supporting marker."
carbon_fixation_assimilation,Carbon fixation / assimilation,core_marker,keep_initial,high,Waus8730.v1.chr14.g043590,-,6;8,3,28.9053,high,fructose-bisphosphate aldolase,High-evidence marker with top-five rank in at least one Wolffia Leiden cluster and interpretable annotation.,Strong ranked marker with interpretable annotation; keep for first-pass scoring unless manual review finds a problem.,,,4.151983450437328,0.991699747383616,keep,high,direct,,All-cell detection fraction 0.992; mean normalized expression 4.152. Use notebook plots to confirm cluster specificity.,Fructose-bisphosphate aldolase is a direct carbon-assimilation marker.
carbon_fixation_assimilation,Carbon fixation / assimilation,core_marker,keep_initial,medium,Waus8730.v1.chr11.g023670,-,0;4;11,4,38.7658,high,"RuBisCO catalyzes two reactions the carboxylation of D- ribulose 1,5-bisphosphate, the primary event in carbon dioxide fixation, as well as the oxidative fragmentation of the pentose substrate. Both reactions occur simultaneously and in competition at the same",High-evidence marker with top-five rank in at least one Wolffia Leiden cluster and interpretable annotation.,Strong ranked marker with interpretable annotation; keep for first-pass scoring unless manual review finds a problem.,,,3.9316578347339783,0.9944965716347888,keep,high,direct,,All-cell detection fraction 0.994; mean normalized expression 3.932. Use notebook plots to confirm cluster specificity.,Rubisco annotation directly supports carbon fixation.
carbon_fixation_assimilation,Carbon fixation / assimilation,core_marker,keep_initial,medium,Waus8730.v1.chr11.g023640,-,0;11,4,28.0335,high,"RuBisCO catalyzes two reactions the carboxylation of D- ribulose 1,5-bisphosphate, the primary event in carbon dioxide fixation, as well as the oxidative fragmentation of the pentose substrate. Both reactions occur simultaneously and in competition at the same",High-evidence marker with top-five rank in at least one Wolffia Leiden cluster and interpretable annotation.,Strong ranked marker with interpretable annotation; keep for first-pass scoring unless manual review finds a problem.,,,6.057919772350523,0.9998195597257308,keep,high,direct,,All-cell detection fraction 1.000; mean normalized expression 6.058. Use notebook plots to confirm cluster specificity.,Rubisco annotation directly supports carbon fixation.
carbon_fixation_assimilation,Carbon fixation / assimilation,core_marker,keep_initial,medium,Waus8730.v1.chr5.g116260,-,0;6,4,27.8803,high,"RuBisCO catalyzes two reactions the carboxylation of D- ribulose 1,5-bisphosphate, the primary event in carbon dioxide fixation, as well as the oxidative fragmentation of the pentose substrate. Both reactions occur simultaneously and in competition at the same",High-evidence marker with top-five rank in at least one Wolffia Leiden cluster and interpretable annotation.,Strong ranked marker with interpretable annotation; keep for first-pass scoring unless manual review finds a problem.,,,3.8425923077521817,0.9931432695777698,keep,high,direct,,All-cell detection fraction 0.993; mean normalized expression 3.843. Use notebook plots to confirm cluster specificity.,Rubisco annotation directly supports carbon fixation.
chloroplast_gene_expression,Chloroplast gene expression / plastid translation,core_marker,keep_initial,high,Waus8730.v1.chrC.g149170,rps8,1,1,52.2254,high,"One of the primary rRNA binding proteins, it binds directly to 16S rRNA central domain where it helps coordinate assembly of the platform of the 30S subunit",High-evidence marker with top-five rank in at least one Wolffia Leiden cluster and interpretable annotation.,Strong ranked marker with interpretable annotation; keep for first-pass scoring unless manual review finds a problem.,,,2.533945228925792,0.8520389750992422,keep,high,direct,,All-cell detection fraction 0.852; mean normalized expression 2.534. Use notebook plots to confirm cluster specificity.,rps8 is a plastid/chloroplast ribosomal protein; strong fit for chloroplast gene expression/translation.
chloroplast_gene_expression,Chloroplast gene expression / plastid translation,core_marker,keep_initial,high,Waus8730.v1.chrC.g149180,rpoA,1,2,52.0804,high,"Bacterial RNA polymerase, alpha chain C terminal domain",High-evidence marker with top-five rank in at least one Wolffia Leiden cluster and interpretable annotation.,Strong ranked marker with interpretable annotation; keep for first-pass scoring unless manual review finds a problem.,,,2.5425649226836966,0.8627751714182605,keep,high,direct,,All-cell detection fraction 0.863; mean normalized expression 2.543. Use notebook plots to confirm cluster specificity.,rpoA is plastid RNA polymerase-related; strong fit for chloroplast transcription/gene expression.
chloroplast_gene_expression,Chloroplast gene expression / plastid translation,core_marker,keep_initial,high,Waus8730.v1.chrC.g149550,ccsA,1,3,51.2945,high,Cytochrome c biogenesis protein CcsA,High-evidence marker with top-five rank in at least one Wolffia Leiden cluster and interpretable annotation.,Strong ranked marker with interpretable annotation; keep for first-pass scoring unless manual review finds a problem.,,,2.345343810157008,0.8178455431252255,keep,medium,partial,,All-cell detection fraction 0.818; mean normalized expression 2.345. Use notebook plots to confirm cluster specificity.,"ccsA is chloroplast cytochrome c biogenesis; related to chloroplast function, though not translation-specific."
chloroplast_gene_expression,Chloroplast gene expression / plastid translation,core_marker,keep_initial,medium,Waus8730.v1.chrC.g149300,atpB,1,4,51.2809,high,ATP synthase subunit beta,High-evidence marker with top-five rank in at least one Wolffia Leiden cluster and interpretable annotation.,Strong ranked marker with interpretable annotation; keep for first-pass scoring unless manual review finds a problem.,,,3.10285634491353,0.91014074341393,keep,medium,partial,photosynthesis_light_harvesting,All-cell detection fraction 0.910; mean normalized expression 3.103. Use notebook plots to confirm cluster specificity.,"atpB is chloroplast ATP synthase; fits chloroplast/photosynthetic machinery, though not strictly gene expression."
chloroplast_gene_expression,Chloroplast gene expression / plastid translation,core_marker,keep_initial,medium,Waus8730.v1.chrC.g149140,rps3,1,5,51.0409,high,Belongs to the universal ribosomal protein uS3 family,High-evidence marker with top-five rank in at least one Wolffia Leiden cluster and interpretable annotation.,Strong ranked marker with interpretable annotation; keep for first-pass scoring unless manual review finds a problem.,,,1.899257011486729,0.7595633345362685,keep,high,direct,,All-cell detection fraction 0.760; mean normalized expression 1.899. Use notebook plots to confirm cluster specificity.,rps3 is a plastid/chloroplast ribosomal protein; strong fit for plastid translation.
chloroplast_gene_expression,Chloroplast gene expression / plastid translation,core_marker,keep_initial,medium,Waus8730.v1.chr1.g011900,-,3,5,38.9016,high,"Short-chain dehydrogenase TIC 32, chloroplastic-like",High-evidence marker with top-five rank in at least one Wolffia Leiden cluster and interpretable annotation.,Strong ranked marker with interpretable annotation; keep for first-pass scoring unless manual review finds a problem.,,,0.5392235036395719,0.3097257307831108,maybe,medium,partial,,All-cell detection fraction 0.310; mean normalized expression 0.539. Use notebook plots to confirm cluster specificity.,"TIC32 is chloroplast-related and plausible, but less direct than ribosomal/polymerase genes."
chloroplast_gene_expression,Chloroplast gene expression / plastid translation,supporting_marker,supporting_review,medium,Waus8730.v1.chrC.g149640,ycf1,1,6,50.2663,medium,Involved in protein precursor import into chloroplasts. May be part of an intermediate translocation complex acting as a protein-conducting channel at the inner envelope,High- or medium-evidence marker within the top-eight ranks; useful as supporting evidence for this candidate program.,"Useful supporting marker, but should be checked manually before being treated as a core program marker.",,,2.296050929551125,0.8098159509202454,keep,medium,partial,,All-cell detection fraction 0.810; mean normalized expression 2.296. Use notebook plots to confirm cluster specificity.,ycf1 is chloroplast import/translocation-related; useful supporting chloroplast-function marker.
chloroplast_gene_expression,Chloroplast gene expression / plastid translation,supporting_marker,supporting_review,medium,Waus8730.v1.chrC.g149220,clpP,1,7,49.8573,medium,ATP-dependent Clp protease proteolytic,High- or medium-evidence marker within the top-eight ranks; useful as supporting evidence for this candidate program.,"Useful supporting marker, but should be checked manually before being treated as a core program marker.",,,1.611187655661998,0.7011909058101768,keep,medium,partial,,All-cell detection fraction 0.701; mean normalized expression 1.611. Use notebook plots to confirm cluster specificity.,clpP is plastid protease-related; useful supporting marker for chloroplast protein maintenance.
ion_water_balance,Ion / water balance,core_marker,keep_initial,high,Waus8730.v1.chr12.g027290,-,5,1,38.4052,high,Belongs to the MIP aquaporin (TC 1.A.8) family,High-evidence marker with top-five rank in at least one Wolffia Leiden cluster and interpretable annotation.,Strong ranked marker with interpretable annotation; keep for first-pass scoring unless manual review finds a problem.,,,2.5008253665419744,0.8391374954889932,keep,high,direct,,All-cell detection fraction 0.839; mean normalized expression 2.501. Use notebook plots to confirm cluster specificity.,MIP/aquaporin annotation directly supports water transport/balance.
ion_water_balance,Ion / water balance,core_marker,keep_initial,high,Waus8730.v1.chr5.g111250,-,5,2,38.3184,high,Belongs to the MIP aquaporin (TC 1.A.8) family,High-evidence marker with top-five rank in at least one Wolffia Leiden cluster and interpretable annotation.,Strong ranked marker with interpretable annotation; keep for first-pass scoring unless manual review finds a problem.,,,3.4747014969671137,0.952995308552869,keep,high,direct,,All-cell detection fraction 0.953; mean normalized expression 3.475. Use notebook plots to confirm cluster specificity.,MIP/aquaporin annotation directly supports water transport/balance.
ion_water_balance,Ion / water balance,core_marker,keep_initial,medium,Waus8730.v1.chr1.g013300,-,5,4,34.2919,high,Belongs to the MIP aquaporin (TC 1.A.8) family,High-evidence marker with top-five rank in at least one Wolffia Leiden cluster and interpretable annotation.,Strong ranked marker with interpretable annotation; keep for first-pass scoring unless manual review finds a problem.,,,2.6388912504511453,0.8551064597618189,keep,high,direct,,All-cell detection fraction 0.855; mean normalized expression 2.639. Use notebook plots to confirm cluster specificity.,MIP/aquaporin annotation directly supports water transport/balance.
ion_water_balance,Ion / water balance,core_marker,keep_initial,medium,Waus8730.v1.chr14.g044450,HAK5,14,5,9.3193,high,Potassium transporter,High-evidence marker with top-five rank in at least one Wolffia Leiden cluster and interpretable annotation.,Strong ranked marker with interpretable annotation; keep for first-pass scoring unless manual review finds a problem.,,,0.0753663210136514,0.0734391916275712,keep,high,direct,,All-cell detection fraction 0.073; mean normalized expression 0.075. Use notebook plots to confirm cluster specificity.,HAK5 potassium transporter directly supports ion balance.
ion_water_balance,Ion / water balance,supporting_marker,supporting_review,medium,Waus8730.v1.chr1.g008530,-,9,6,35.5074,medium,plasma membrane ATPase,High- or medium-evidence marker within the top-eight ranks; useful as supporting evidence for this candidate program.,"Useful supporting marker, but should be checked manually before being treated as a core program marker.",,,1.392159445499181,0.6273908336340671,maybe,medium,partial,,All-cell detection fraction 0.627; mean normalized expression 1.392. Use notebook plots to confirm cluster specificity.,Plasma membrane ATPase supports ion gradients but is broad; use as supporting marker.
ion_water_balance,Ion / water balance,supporting_marker,supporting_review,medium,Waus8730.v1.chr5.g111340,TIP4-3,5,6,32.2176,medium,Belongs to the MIP aquaporin (TC 1.A.8) family,High- or medium-evidence marker within the top-eight ranks; useful as supporting evidence for this candidate program.,"Useful supporting marker, but should be checked manually before being treated as a core program marker.",,,0.3639129637369837,0.2257307831107903,keep,high,direct,,All-cell detection fraction 0.226; mean normalized expression 0.364. Use notebook plots to confirm cluster specificity.,TIP4-3 aquaporin annotation directly supports water balance.
ion_water_balance,Ion / water balance,supporting_marker,supporting_review,medium,Waus8730.v1.chr18.g069540,-,14,6,9.242,medium,Sodium/hydrogen exchanger family,High- or medium-evidence marker within the top-eight ranks; useful as supporting evidence for this candidate program.,"Useful supporting marker, but should be checked manually before being treated as a core program marker.",,,0.0118248746415588,0.00920245398773,keep,high,direct,,All-cell detection fraction 0.009; mean normalized expression 0.012. Use notebook plots to confirm cluster specificity.,Sodium/hydrogen exchanger directly supports ion and salt-balance biology.
lipid_surface_cell_wall,Lipid / surface / cell-wall biology,core_marker,keep_initial,high,Waus8730.v1.chr1.g003300,-,3,1,43.6534,high,Belongs to the Casparian strip membrane proteins (CASP) family,High-evidence marker with top-five rank in at least one Wolffia Leiden cluster and interpretable annotation.,Strong ranked marker with interpretable annotation; keep for first-pass scoring unless manual review finds a problem.,,,0.9539104083049148,0.5026163839769037,maybe,medium,partial,,All-cell detection fraction 0.503; mean normalized expression 0.954. Use notebook plots to confirm cluster specificity.,"CASP-family membrane protein supports surface/barrier biology, but Casparian-strip terminology is root-associated; keep cautiously."
lipid_surface_cell_wall,Lipid / surface / cell-wall biology,core_marker,keep_initial,high,Waus8730.v1.chr9.g145240,-,7;8;9;13,1,37.1226,high,Plant non-specific lipid-transfer proteins transfer phospholipids as well as galactolipids across membranes. May play a role in wax or cutin deposition in the cell walls of expanding epidermal cells and certain secretory tissues,High-evidence marker with top-five rank in at least one Wolffia Leiden cluster and interpretable annotation.,Strong ranked marker with interpretable annotation; keep for first-pass scoring unless manual review finds a problem.,,,3.335968233781995,0.9208769397329484,keep,high,direct,,All-cell detection fraction 0.921; mean normalized expression 3.336. Use notebook plots to confirm cluster specificity.,Lipid-transfer protein with wax/cutin/cell-wall deposition annotation directly supports surface/cell-wall biology.
lipid_surface_cell_wall,Lipid / surface / cell-wall biology,core_marker,keep_initial,high,Waus8730.v1.chr16.g057130,-,2,2,49.7493,high,3-ketoacyl-coa synthase,High-evidence marker with top-five rank in at least one Wolffia Leiden cluster and interpretable annotation.,Strong ranked marker with interpretable annotation; keep for first-pass scoring unless manual review finds a problem.,,,1.2633591090383536,0.4740166005052327,keep,high,direct,,All-cell detection fraction 0.474; mean normalized expression 1.263. Use notebook plots to confirm cluster specificity.,3-ketoacyl-CoA synthase supports very-long-chain lipid/wax biosynthesis.
lipid_surface_cell_wall,Lipid / surface / cell-wall biology,core_marker,keep_initial,high,Waus8730.v1.chr15.g053470,-,3,2,39.2811,high,O-acyltransferase (WSD1-like),High-evidence marker with top-five rank in at least one Wolffia Leiden cluster and interpretable annotation.,Strong ranked marker with interpretable annotation; keep for first-pass scoring unless manual review finds a problem.,,,0.3482846858348354,0.1691627571273908,keep,high,direct,,All-cell detection fraction 0.169; mean normalized expression 0.348. Use notebook plots to confirm cluster specificity.,O-acyltransferase/WSD1-like annotation supports wax/lipid surface biology.
lipid_surface_cell_wall,Lipid / surface / cell-wall biology,core_marker,keep_initial,medium,Waus8730.v1.chr14.g045910,-,9;13,4,36.3972,high,Belongs to the sterol desaturase family,High-evidence marker with top-five rank in at least one Wolffia Leiden cluster and interpretable annotation.,Strong ranked marker with interpretable annotation; keep for first-pass scoring unless manual review finds a problem.,,,0.4620118274529743,0.20967159870083,keep,high,direct,,All-cell detection fraction 0.210; mean normalized expression 0.462. Use notebook plots to confirm cluster specificity.,Sterol desaturase supports membrane/surface lipid biology.
lipid_surface_cell_wall,Lipid / surface / cell-wall biology,core_marker,keep_initial,medium,Waus8730.v1.chr15.g053070,-,12,4,17.9614,high,Belongs to the glycosyltransferase 8 family,High-evidence marker with top-five rank in at least one Wolffia Leiden cluster and interpretable annotation.,Strong ranked marker with interpretable annotation; keep for first-pass scoring unless manual review finds a problem.,,,0.793261730532541,0.4335077589317935,maybe,medium,partial,,All-cell detection fraction 0.434; mean normalized expression 0.793. Use notebook plots to confirm cluster specificity.,"Glycosyltransferase can support cell-wall polysaccharide biology, but annotation is broad; use as supporting marker."
lipid_surface_cell_wall,Lipid / surface / cell-wall biology,core_marker,keep_initial,medium,Waus8730.v1.chr14.g045920,-,7;9;13,5,36.1962,high,Belongs to the sterol desaturase family,High-evidence marker with top-five rank in at least one Wolffia Leiden cluster and interpretable annotation.,Strong ranked marker with interpretable annotation; keep for first-pass scoring unless manual review finds a problem.,,,0.6386935919008979,0.2569469505593648,keep,high,direct,,All-cell detection fraction 0.257; mean normalized expression 0.639. Use notebook plots to confirm cluster specificity.,Sterol desaturase supports membrane/surface lipid biology.
lipid_surface_cell_wall,Lipid / surface / cell-wall biology,supporting_marker,supporting_review,medium,Waus8730.v1.chr15.g049100,-,12,6,16.9095,medium,"Catalyzes xyloglucan endohydrolysis (XEH) and or endotransglycosylation (XET). Cleaves and religates xyloglucan polymers, an essential constituent of the primary cell wall, and thereby participates in cell wall construction of growing tissues",High- or medium-evidence marker within the top-eight ranks; useful as supporting evidence for this candidate program.,"Useful supporting marker, but should be checked manually before being treated as a core program marker.",,,1.0352396211074162,0.4880909418982317,keep,high,direct,,All-cell detection fraction 0.488; mean normalized expression 1.035. Use notebook plots to confirm cluster specificity.,Xyloglucan endotransglycosylase/hydrolase annotation directly supports cell-wall remodeling.
nutrient_transport,Nutrient transport,core_marker,keep_initial,high,Waus8730.v1.chr7.g132050,NAR2.2,7;9,2,40.6439,high,High affinity nitrate transporter,High-evidence marker with top-five rank in at least one Wolffia Leiden cluster and interpretable annotation.,Strong ranked marker with interpretable annotation; keep for first-pass scoring unless manual review finds a problem.,,,1.5730025295028751,0.6602309635510646,keep,high,direct,,All-cell detection fraction 0.660; mean normalized expression 1.573. Use notebook plots to confirm cluster specificity.,NAR2.2/high-affinity nitrate transporter directly supports nutrient transport.
nutrient_transport,Nutrient transport,core_marker,keep_initial,high,Waus8730.v1.chr12.g028590,-,7,3,40.4727,high,Inorganic phosphate transporter,High-evidence marker with top-five rank in at least one Wolffia Leiden cluster and interpretable annotation.,Strong ranked marker with interpretable annotation; keep for first-pass scoring unless manual review finds a problem.,,,0.443491303396325,0.2190544929628293,keep,high,direct,,All-cell detection fraction 0.219; mean normalized expression 0.443. Use notebook plots to confirm cluster specificity.,Inorganic phosphate transporter directly supports nutrient transport.
nutrient_transport,Nutrient transport,core_marker,keep_initial,medium,Waus8730.v1.chr4.g099300,NRT2.3,7,5,39.273,high,high affinity nitrate transporter,High-evidence marker with top-five rank in at least one Wolffia Leiden cluster and interpretable annotation.,Strong ranked marker with interpretable annotation; keep for first-pass scoring unless manual review finds a problem.,,,0.5512773064059633,0.2449476723204619,keep,high,direct,,All-cell detection fraction 0.245; mean normalized expression 0.551. Use notebook plots to confirm cluster specificity.,NRT2.3/high-affinity nitrate transporter directly supports nutrient transport.
nutrient_transport,Nutrient transport,supporting_marker,supporting_review,medium,Waus8730.v1.chr16.g056580,-,7,6,37.2033,medium,glutamine synthetase,High- or medium-evidence marker within the top-eight ranks; useful as supporting evidence for this candidate program.,"Useful supporting marker, but should be checked manually before being treated as a core program marker.",,,1.2531571033668194,0.5872428726091664,maybe,medium,partial,nitrogen_assimilation,All-cell detection fraction 0.587; mean normalized expression 1.253. Use notebook plots to confirm cluster specificity.,Glutamine synthetase supports nitrogen assimilation more than transport; keep as supporting nutrient-metabolism marker or reassign if adding nitrogen-assimilation category.
nutrient_transport,Nutrient transport,supporting_marker,supporting_review,medium,Waus8730.v1.chr13.g034020,-,9,8,35.3464,medium,sulfate transporter,High- or medium-evidence marker within the top-eight ranks; useful as supporting evidence for this candidate program.,"Useful supporting marker, but should be checked manually before being treated as a core program marker.",,,0.4518618444043872,0.2066041140382533,keep,high,direct,,All-cell detection fraction 0.207; mean normalized expression 0.452. Use notebook plots to confirm cluster specificity.,Sulfate transporter directly supports nutrient transport.
photosynthesis_light_harvesting,Photosynthesis / light harvesting,core_marker,keep_initial,high,Waus8730.v1.chr5.g115190,-,6;8,1,29.8563,high,"The light-harvesting complex (LHC) functions as a light receptor, it captures and delivers excitation energy to photosystems with which it is closely associated",High-evidence marker with top-five rank in at least one Wolffia Leiden cluster and interpretable annotation.,Strong ranked marker with interpretable annotation; keep for first-pass scoring unless manual review finds a problem.,,,2.3972594532419507,0.6792674124864669,keep,high,direct,,All-cell detection fraction 0.679; mean normalized expression 2.397. Use notebook plots to confirm cluster specificity.,Light-harvesting complex annotation directly supports photosynthesis/light harvesting.
photosynthesis_light_harvesting,Photosynthesis / light harvesting,core_marker,keep_initial,high,Waus8730.v1.chr6.g122410,-,4;6;8,2,40.0379,high,"The light-harvesting complex (LHC) functions as a light receptor, it captures and delivers excitation energy to photosystems with which it is closely associated",High-evidence marker with top-five rank in at least one Wolffia Leiden cluster and interpretable annotation.,Strong ranked marker with interpretable annotation; keep for first-pass scoring unless manual review finds a problem.,,,2.9402423331988268,0.917538794658968,keep,high,direct,,All-cell detection fraction 0.918; mean normalized expression 2.940. Use notebook plots to confirm cluster specificity.,Light-harvesting complex annotation directly supports photosynthesis/light harvesting.
photosynthesis_light_harvesting,Photosynthesis / light harvesting,core_marker,keep_initial,high,Waus8730.v1.chr7.g126900,-,0;11,2,28.3787,high,Photosystem II reaction centre X protein (PsbX),High-evidence marker with top-five rank in at least one Wolffia Leiden cluster and interpretable annotation.,Strong ranked marker with interpretable annotation; keep for first-pass scoring unless manual review finds a problem.,,,2.270658260939332,0.837333092746301,keep,high,direct,,All-cell detection fraction 0.837; mean normalized expression 2.271. Use notebook plots to confirm cluster specificity.,Photosystem II reaction centre protein directly supports photosynthesis.
photosynthesis_light_harvesting,Photosynthesis / light harvesting,core_marker,keep_initial,high,Waus8730.v1.chr17.g061240,ELIP,2;8,3,48.9931,high,Chlorophyll A-B binding protein,High-evidence marker with top-five rank in at least one Wolffia Leiden cluster and interpretable annotation.,Strong ranked marker with interpretable annotation; keep for first-pass scoring unless manual review finds a problem.,,,1.2305633754213507,0.4517322266329844,keep,high,direct,,All-cell detection fraction 0.452; mean normalized expression 1.231. Use notebook plots to confirm cluster specificity.,ELIP/chlorophyll A-B binding annotation directly supports light-harvesting/photosynthesis.
photosynthesis_light_harvesting,Photosynthesis / light harvesting,core_marker,keep_initial,high,Waus8730.v1.chr11.g023520,-,0;4;11,3,39.6595,high,"RuBisCO catalyzes two reactions the carboxylation of D- ribulose 1,5-bisphosphate, the primary event in carbon dioxide fixation, as well as the oxidative fragmentation of the pentose substrate. Both reactions occur simultaneously and in competition at the same",High-evidence marker with top-five rank in at least one Wolffia Leiden cluster and interpretable annotation.,Strong ranked marker with interpretable annotation; keep for first-pass scoring unless manual review finds a problem.,,,4.162279895205015,0.9963911945146156,keep,high,direct,carbon_fixation_assimilation,All-cell detection fraction 0.996; mean normalized expression 4.162. Use notebook plots to confirm cluster specificity.,"Rubisco is more specifically carbon fixation, but it is still valid under a broad photosynthesis program; consider keeping one canonical carbon-fixation assignment to avoid double counting."
photosynthesis_light_harvesting,Photosynthesis / light harvesting,core_marker,keep_initial,medium,Waus8730.v1.chr11.g023670,-,0;4;11,4,38.7658,high,"RuBisCO catalyzes two reactions the carboxylation of D- ribulose 1,5-bisphosphate, the primary event in carbon dioxide fixation, as well as the oxidative fragmentation of the pentose substrate. Both reactions occur simultaneously and in competition at the same",High-evidence marker with top-five rank in at least one Wolffia Leiden cluster and interpretable annotation.,Strong ranked marker with interpretable annotation; keep for first-pass scoring unless manual review finds a problem.,,,3.9316578347339783,0.9944965716347888,keep,high,direct,carbon_fixation_assimilation,All-cell detection fraction 0.994; mean normalized expression 3.932. Use notebook plots to confirm cluster specificity.,"Rubisco is more specifically carbon fixation, but it is still valid under a broad photosynthesis program; consider keeping one canonical carbon-fixation assignment to avoid double counting."
photosynthesis_light_harvesting,Photosynthesis / light harvesting,core_marker,keep_initial,medium,Waus8730.v1.chr11.g023640,-,0;11,4,28.0335,high,"RuBisCO catalyzes two reactions the carboxylation of D- ribulose 1,5-bisphosphate, the primary event in carbon dioxide fixation, as well as the oxidative fragmentation of the pentose substrate. Both reactions occur simultaneously and in competition at the same",High-evidence marker with top-five rank in at least one Wolffia Leiden cluster and interpretable annotation.,Strong ranked marker with interpretable annotation; keep for first-pass scoring unless manual review finds a problem.,,,6.057919772350523,0.9998195597257308,keep,high,direct,carbon_fixation_assimilation,All-cell detection fraction 1.000; mean normalized expression 6.058. Use notebook plots to confirm cluster specificity.,"Rubisco is more specifically carbon fixation, but it is still valid under a broad photosynthesis program; consider keeping one canonical carbon-fixation assignment to avoid double counting."
photosynthesis_light_harvesting,Photosynthesis / light harvesting,core_marker,keep_initial,medium,Waus8730.v1.chr5.g116260,-,0;6,4,27.8803,high,"RuBisCO catalyzes two reactions the carboxylation of D- ribulose 1,5-bisphosphate, the primary event in carbon dioxide fixation, as well as the oxidative fragmentation of the pentose substrate. Both reactions occur simultaneously and in competition at the same",High-evidence marker with top-five rank in at least one Wolffia Leiden cluster and interpretable annotation.,Strong ranked marker with interpretable annotation; keep for first-pass scoring unless manual review finds a problem.,,,3.8425923077521817,0.9931432695777698,keep,high,direct,carbon_fixation_assimilation,All-cell detection fraction 0.993; mean normalized expression 3.843. Use notebook plots to confirm cluster specificity.,"Rubisco is more specifically carbon fixation, but it is still valid under a broad photosynthesis program; consider keeping one canonical carbon-fixation assignment to avoid double counting."
rna_binding_regulatory,RNA-binding / regulatory,core_marker,keep_initial,high,Waus8730.v1.chr3.g090140,GRP1,0,2,23.6906,high,glycine-rich RNA-binding,High-evidence marker with top-five rank in at least one Wolffia Leiden cluster and interpretable annotation.,Strong ranked marker with interpretable annotation; keep for first-pass scoring unless manual review finds a problem.,,,3.0777404360684115,0.8971490436665464,keep,high,direct,,All-cell detection fraction 0.897; mean normalized expression 3.078. Use notebook plots to confirm cluster specificity.,Glycine-rich RNA-binding annotation directly supports RNA-binding/regulatory program.
rna_binding_regulatory,RNA-binding / regulatory,core_marker,keep_initial,high,Waus8730.v1.chr9.g141430,GRP1,0;3,3,39.1241,high,glycine-rich RNA-binding,High-evidence marker with top-five rank in at least one Wolffia Leiden cluster and interpretable annotation.,Strong ranked marker with interpretable annotation; keep for first-pass scoring unless manual review finds a problem.,,,1.4426948174977157,0.6164741970407795,keep,high,direct,,All-cell detection fraction 0.616; mean normalized expression 1.443. Use notebook plots to confirm cluster specificity.,Glycine-rich RNA-binding annotation directly supports RNA-binding/regulatory program.
rna_binding_regulatory,RNA-binding / regulatory,core_marker,keep_initial,high,Waus8730.v1.chr2.g084870,-,0;11,3,28.3507,high,29 kDa ribonucleoprotein,High-evidence marker with top-five rank in at least one Wolffia Leiden cluster and interpretable annotation.,Strong ranked marker with interpretable annotation; keep for first-pass scoring unless manual review finds a problem.,,,1.7667130216848212,0.7183327318657524,keep,high,direct,,All-cell detection fraction 0.718; mean normalized expression 1.767. Use notebook plots to confirm cluster specificity.,Ribonucleoprotein annotation directly supports RNA-binding/regulatory program.
stress_chaperone_response,Stress / chaperone response,core_marker,keep_initial,high,Waus8730.v1.chr7.g133850,THI1,0;3;12,1,38.8951,high,"Involved in biosynthesis of the thiamine precursor thiazole. Catalyzes the conversion of NAD and glycine to adenosine diphosphate 5-(2-hydroxyethyl)-4-methylthiazole-2-carboxylic acid (ADT), an adenylated thiazole intermediate. The reaction includes an iron-de",High-evidence marker with top-five rank in at least one Wolffia Leiden cluster and interpretable annotation.,Strong ranked marker with interpretable annotation; keep for first-pass scoring unless manual review finds a problem.,,,3.3730019695997906,0.8716167448574522,maybe,medium,partial,,All-cell detection fraction 0.872; mean normalized expression 3.373. Use notebook plots to confirm cluster specificity.,THI1/thiamine biosynthesis can be stress-related but is not a direct stress marker; use cautiously.
stress_chaperone_response,Stress / chaperone response,core_marker,keep_initial,high,Waus8730.v1.chr16.g057270,-,7;13,2,33.4889,high,Protein PLANT CADMIUM RESISTANCE,High-evidence marker with top-five rank in at least one Wolffia Leiden cluster and interpretable annotation.,Strong ranked marker with interpretable annotation; keep for first-pass scoring unless manual review finds a problem.,,,0.7255047448232267,0.3654817755322988,keep,high,direct,,All-cell detection fraction 0.365; mean normalized expression 0.726. Use notebook plots to confirm cluster specificity.,Plant cadmium resistance annotation directly supports stress/detox response.
stress_chaperone_response,Stress / chaperone response,core_marker,keep_initial,high,Waus8730.v1.chr3.g095120,-,14,2,10.8817,high,Universal stress protein,High-evidence marker with top-five rank in at least one Wolffia Leiden cluster and interpretable annotation.,Strong ranked marker with interpretable annotation; keep for first-pass scoring unless manual review finds a problem.,,,0.2043736554191876,0.1854926019487549,keep,high,direct,,All-cell detection fraction 0.185; mean normalized expression 0.204. Use notebook plots to confirm cluster specificity.,Universal stress protein annotation directly supports stress response.
stress_chaperone_response,Stress / chaperone response,core_marker,keep_initial,high,Waus8730.v1.chr20.g087750,-,9,3,36.451,high,Bifunctional monodehydroascorbate reductase and carbonic anhydrase nectarin-3,High-evidence marker with top-five rank in at least one Wolffia Leiden cluster and interpretable annotation.,Strong ranked marker with interpretable annotation; keep for first-pass scoring unless manual review finds a problem.,,,0.4965631073447636,0.22924936845904,maybe,medium,partial,carbon_fixation_assimilation,All-cell detection fraction 0.229; mean normalized expression 0.497. Use notebook plots to confirm cluster specificity.,Bifunctional MDHAR/carbonic anhydrase may reflect oxidative stress and carbon balance; plausible but not a clean stress marker.
stress_chaperone_response,Stress / chaperone response,core_marker,keep_initial,high,Waus8730.v1.chr4.g101260,-,12,3,19.8257,high,Belongs to the peroxidase family. Classical plant (class III) peroxidase subfamily,High-evidence marker with top-five rank in at least one Wolffia Leiden cluster and interpretable annotation.,Strong ranked marker with interpretable annotation; keep for first-pass scoring unless manual review finds a problem.,,,0.5038441467965936,0.2435943702634428,keep,high,direct,,All-cell detection fraction 0.244; mean normalized expression 0.504. Use notebook plots to confirm cluster specificity.,Peroxidase annotation supports oxidative-stress response.
stress_chaperone_response,Stress / chaperone response,core_marker,keep_initial,medium,Waus8730.v1.chr4.g106130,-,2;3,5,44.2992,high,Late embryogenesis abundant protein,High-evidence marker with top-five rank in at least one Wolffia Leiden cluster and interpretable annotation.,Strong ranked marker with interpretable annotation; keep for first-pass scoring unless manual review finds a problem.,,,1.691826060651148,0.6561710573800072,keep,high,direct,,All-cell detection fraction 0.656; mean normalized expression 1.692. Use notebook plots to confirm cluster specificity.,Late embryogenesis abundant protein supports stress/desiccation-related response.
stress_chaperone_response,Stress / chaperone response,core_marker,keep_initial,medium,Waus8730.v1.chr15.g053120,-,13,5,20.4737,high,Multidrug resistance protein,High-evidence marker with top-five rank in at least one Wolffia Leiden cluster and interpretable annotation.,Strong ranked marker with interpretable annotation; keep for first-pass scoring unless manual review finds a problem.,,,0.2265003315791992,0.154817755322988,keep,medium,partial,,All-cell detection fraction 0.155; mean normalized expression 0.227. Use notebook plots to confirm cluster specificity.,"Multidrug resistance protein supports detox/transport stress response, but is somewhat broad."
stress_chaperone_response,Stress / chaperone response,supporting_marker,supporting_review,medium,Waus8730.v1.chr15.g050040,-,13,7,20.3604,medium,Chaperone protein dnaJ 8,High- or medium-evidence marker within the top-eight ranks; useful as supporting evidence for this candidate program.,"Useful supporting marker, but should be checked manually before being treated as a core program marker.",,,1.8198322842934216,0.7463009743774811,keep,high,direct,,All-cell detection fraction 0.746; mean normalized expression 1.820. Use notebook plots to confirm cluster specificity.,DnaJ chaperone annotation directly supports chaperone/stress-response program.
unknown_high_marker,Unknown high-ranking marker,watchlist_unknown,unknown_watchlist,watchlist,Waus8730.v1.chr5.g116730,-,2,1,49.9679,high,"Protein of unknown function, DUF538",Strong Wolffia marker with unknown or unclear annotation; keep as a watchlist feature rather than a final biological marker.,Strong marker with unclear/unknown annotation; keep visible as a Wolffia-specific watchlist gene.,,,1.80122479248126,0.6722302417899675,unknown_interesting,high,unknown,,All-cell detection fraction 0.672; mean normalized expression 1.801. Use notebook plots to confirm cluster specificity.,Strong high-ranking DUF538 marker with unknown function; keep as Wolffia-specific watchlist gene.
unknown_high_marker,Unknown high-ranking marker,watchlist_unknown,unknown_watchlist,watchlist,Waus8730.v1.chr4.g105210,-,13,3,21.6994,high,Protein of unknown function (DUF1645),Strong Wolffia marker with unknown or unclear annotation; keep as a watchlist feature rather than a final biological marker.,Strong marker with unclear/unknown annotation; keep visible as a Wolffia-specific watchlist gene.,,,0.7617851063755223,0.382713821725009,unknown_interesting,high,unknown,,All-cell detection fraction 0.383; mean normalized expression 0.762. Use notebook plots to confirm cluster specificity.,Strong high-ranking DUF1645 marker with unknown function; keep as Wolffia-specific watchlist gene.
unknown_high_marker,Unknown high-ranking marker,watchlist_unknown,unknown_watchlist,watchlist,Waus8730.v1.chr2.g075880,-,7,4,40.0821,high,"Protein of unknown function, DUF538",Strong Wolffia marker with unknown or unclear annotation; keep as a watchlist feature rather than a final biological marker.,Strong marker with unclear/unknown annotation; keep visible as a Wolffia-specific watchlist gene.,,,1.3277694052899718,0.4886322627210393,unknown_interesting,high,unknown,,All-cell detection fraction 0.489; mean normalized expression 1.328. Use notebook plots to confirm cluster specificity.,Strong high-ranking DUF538 marker with unknown function; keep as Wolffia-specific watchlist gene.
unknown_high_marker,Unknown high-ranking marker,watchlist_unknown,unknown_watchlist,watchlist,Waus8730.v1.chr9.g142880,-,2;3,7,42.2644,medium,"Protein of unknown function, DUF538",Strong Wolffia marker with unknown or unclear annotation; keep as a watchlist feature rather than a final biological marker.,Strong marker with unclear/unknown annotation; keep visible as a Wolffia-specific watchlist gene.,,,2.039494230000921,0.7372789606640202,unknown_interesting,medium,unknown,,All-cell detection fraction 0.737; mean normalized expression 2.039. Use notebook plots to confirm cluster specificity.,"DUF538 marker with moderate rank; keep as watchlist, not named biology."
unknown_high_marker,Unknown high-ranking marker,watchlist_unknown,unknown_watchlist,watchlist,Waus8730.v1.chr19.g070270,-,14,8,8.8351,medium,"Hydrolyzes acetyl esters in homogalacturonan regions of pectin. In type I primary cell wall, galacturonic acid residues of pectin can be acetylated at the O-2 and O-3 positions. Decreasing the degree of acetylation of pectin gels in vitro alters their physical",Strong Wolffia marker with unknown or unclear annotation; keep as a watchlist feature rather than a final biological marker.,Strong marker with unclear/unknown annotation; keep visible as a Wolffia-specific watchlist gene.,,,0.0962850580783495,0.1207145434861061,maybe,medium,partial,lipid_surface_cell_wall,All-cell detection fraction 0.121; mean normalized expression 0.096. Use notebook plots to confirm cluster specificity.,Annotation suggests pectin/cell-wall modification rather than unknown function; consider moving to lipid/surface/cell-wall biology.
