gene,marker_label,cluster,mean_expression,detection_fraction
Waus8730.v1.chrC.g149170,rps8|Waus8730.v1.chrC.g149170,0,2.0510511462531897,0.8171611868484362
Waus8730.v1.chrC.g149170,rps8|Waus8730.v1.chrC.g149170,1,1.8513348652723862,0.8017021276595745
Waus8730.v1.chrC.g149170,rps8|Waus8730.v1.chrC.g149170,2,2.2005714354813084,0.8584247258225324
Waus8730.v1.chrC.g149170,rps8|Waus8730.v1.chrC.g149170,3,2.7244576018272233,0.9160696008188332
Waus8730.v1.chrC.g149170,rps8|Waus8730.v1.chrC.g149170,4,1.8036803629908822,0.5888538380651945
Waus8730.v1.chrC.g149170,rps8|Waus8730.v1.chrC.g149170,5,2.2348265800897464,0.8568281938325991
Waus8730.v1.chrC.g149170,rps8|Waus8730.v1.chrC.g149170,6,2.4001008855390342,0.9361963190184049
Waus8730.v1.chrC.g149170,rps8|Waus8730.v1.chrC.g149170,7,5.684066524652568,1.0
Waus8730.v1.chrC.g149170,rps8|Waus8730.v1.chrC.g149170,8,2.48149111724741,0.9527665317139001
Waus8730.v1.chrC.g149170,rps8|Waus8730.v1.chrC.g149170,9,2.111025398138515,0.6656848306332842
Waus8730.v1.chrC.g149170,rps8|Waus8730.v1.chrC.g149170,10,2.612552357230804,0.9055374592833876
Waus8730.v1.chrC.g149170,rps8|Waus8730.v1.chrC.g149170,11,2.283471369945519,0.9022727272727272
Waus8730.v1.chrC.g149170,rps8|Waus8730.v1.chrC.g149170,12,4.672713139321226,1.0
Waus8730.v1.chrC.g149170,rps8|Waus8730.v1.chrC.g149170,13,1.7508323046435847,0.9685534591194969
Waus8730.v1.chrC.g149170,rps8|Waus8730.v1.chrC.g149170,14,1.4727497538535852,0.8043478260869565
Waus8730.v1.chrC.g149180,rpoA|Waus8730.v1.chrC.g149180,0,2.154187814345981,0.834803528468324
Waus8730.v1.chrC.g149180,rpoA|Waus8730.v1.chrC.g149180,1,1.8825288468271444,0.8034042553191489
Waus8730.v1.chrC.g149180,rpoA|Waus8730.v1.chrC.g149180,2,2.108006436891816,0.8534396809571286
Waus8730.v1.chrC.g149180,rpoA|Waus8730.v1.chrC.g149180,3,2.84144576621499,0.9334698055271239
Waus8730.v1.chrC.g149180,rpoA|Waus8730.v1.chrC.g149180,4,2.0059557565243695,0.647739221871714
Waus8730.v1.chrC.g149180,rpoA|Waus8730.v1.chrC.g149180,5,2.2706913678978617,0.8788546255506607
Waus8730.v1.chrC.g149180,rpoA|Waus8730.v1.chrC.g149180,6,2.2120131523631117,0.9411042944785276
Waus8730.v1.chrC.g149180,rpoA|Waus8730.v1.chrC.g149180,7,5.5441348344577985,1.0
Waus8730.v1.chrC.g149180,rpoA|Waus8730.v1.chrC.g149180,8,2.3342846884795154,0.9473684210526315
Waus8730.v1.chrC.g149180,rpoA|Waus8730.v1.chrC.g149180,9,2.1324338922121813,0.6701030927835051
Waus8730.v1.chrC.g149180,rpoA|Waus8730.v1.chrC.g149180,10,2.688515922808482,0.8973941368078175
Waus8730.v1.chrC.g149180,rpoA|Waus8730.v1.chrC.g149180,11,2.2708078359393458,0.9113636363636364
Waus8730.v1.chrC.g149180,rpoA|Waus8730.v1.chrC.g149180,12,4.696074461749382,0.9972826086956522
Waus8730.v1.chrC.g149180,rpoA|Waus8730.v1.chrC.g149180,13,1.6990515008848084,0.9685534591194969
Waus8730.v1.chrC.g149180,rpoA|Waus8730.v1.chrC.g149180,14,1.7064982653249379,0.9347826086956522
Waus8730.v1.chrC.g149550,ccsA|Waus8730.v1.chrC.g149550,0,1.8492212571682431,0.7786688051323175
Waus8730.v1.chrC.g149550,ccsA|Waus8730.v1.chrC.g149550,1,1.9398651908681588,0.7761702127659574
Waus8730.v1.chrC.g149550,ccsA|Waus8730.v1.chrC.g149550,2,1.9376368096143795,0.8005982053838484
Waus8730.v1.chrC.g149550,ccsA|Waus8730.v1.chrC.g149550,3,2.719475989702393,0.8955987717502559
Waus8730.v1.chrC.g149550,ccsA|Waus8730.v1.chrC.g149550,4,1.6291484337801276,0.5478443743427971
Waus8730.v1.chrC.g149550,ccsA|Waus8730.v1.chrC.g149550,5,2.1245865433429723,0.8359030837004405
Waus8730.v1.chrC.g149550,ccsA|Waus8730.v1.chrC.g149550,6,2.1240472286002614,0.912883435582822
Waus8730.v1.chrC.g149550,ccsA|Waus8730.v1.chrC.g149550,7,5.018168576632548,0.9987531172069826
Waus8730.v1.chrC.g149550,ccsA|Waus8730.v1.chrC.g149550,8,2.4503240383491933,0.941970310391363
Waus8730.v1.chrC.g149550,ccsA|Waus8730.v1.chrC.g149550,9,1.6011999652364808,0.5184094256259205
Waus8730.v1.chrC.g149550,ccsA|Waus8730.v1.chrC.g149550,10,2.6671499535459633,0.9039087947882736
Waus8730.v1.chrC.g149550,ccsA|Waus8730.v1.chrC.g149550,11,1.9352286119513855,0.8431818181818181
Waus8730.v1.chrC.g149550,ccsA|Waus8730.v1.chrC.g149550,12,4.286452469572169,0.9918478260869565
Waus8730.v1.chrC.g149550,ccsA|Waus8730.v1.chrC.g149550,13,1.7531651514924897,0.9622641509433962
Waus8730.v1.chrC.g149550,ccsA|Waus8730.v1.chrC.g149550,14,1.0656851014079547,0.6956521739130435
Waus8730.v1.chr1.g003300,Waus8730.v1.chr1.g003300,0,2.826852125895836,0.8837209302325582
Waus8730.v1.chr1.g003300,Waus8730.v1.chr1.g003300,1,0.7656518530914742,0.4868085106382979
Waus8730.v1.chr1.g003300,Waus8730.v1.chr1.g003300,2,1.4854762441758809,0.7128614157527418
Waus8730.v1.chr1.g003300,Waus8730.v1.chr1.g003300,3,0.5995558513913638,0.4022517911975435
Waus8730.v1.chr1.g003300,Waus8730.v1.chr1.g003300,4,0.5653164174777197,0.2082018927444795
Waus8730.v1.chr1.g003300,Waus8730.v1.chr1.g003300,5,0.8519405558637856,0.5
Waus8730.v1.chr1.g003300,Waus8730.v1.chr1.g003300,6,0.4541043116070679,0.649079754601227
Waus8730.v1.chr1.g003300,Waus8730.v1.chr1.g003300,7,0.19270562146556067,0.09725685785536159
Waus8730.v1.chr1.g003300,Waus8730.v1.chr1.g003300,8,0.5653026722410908,0.5168690958164642
Waus8730.v1.chr1.g003300,Waus8730.v1.chr1.g003300,9,0.3066880710937522,0.1251840942562592
Waus8730.v1.chr1.g003300,Waus8730.v1.chr1.g003300,10,0.899087512042744,0.509771986970684
Waus8730.v1.chr1.g003300,Waus8730.v1.chr1.g003300,11,0.8327374091286486,0.7113636363636363
Waus8730.v1.chr1.g003300,Waus8730.v1.chr1.g003300,12,0.6412859120374409,0.3342391304347826
Waus8730.v1.chr1.g003300,Waus8730.v1.chr1.g003300,13,1.3799541763014438,0.9245283018867925
Waus8730.v1.chr1.g003300,Waus8730.v1.chr1.g003300,14,0.35875045501641145,0.41304347826086957
Waus8730.v1.chr9.g145240,Waus8730.v1.chr9.g145240,0,4.060668143306354,0.9839615076182838
Waus8730.v1.chr9.g145240,Waus8730.v1.chr9.g145240,1,5.306774473351357,0.9957446808510638
Waus8730.v1.chr9.g145240,Waus8730.v1.chr9.g145240,2,4.588509276771562,0.9930209371884346
Waus8730.v1.chr9.g145240,Waus8730.v1.chr9.g145240,3,2.0892722144399634,0.8761514841351075
Waus8730.v1.chr9.g145240,Waus8730.v1.chr9.g145240,4,3.197703892453032,0.889589905362776
Waus8730.v1.chr9.g145240,Waus8730.v1.chr9.g145240,5,1.6467854820119767,0.8237885462555066
Waus8730.v1.chr9.g145240,Waus8730.v1.chr9.g145240,6,0.8773891758640668,0.8957055214723927
Waus8730.v1.chr9.g145240,Waus8730.v1.chr9.g145240,7,2.4602856551208667,0.8416458852867831
Waus8730.v1.chr9.g145240,Waus8730.v1.chr9.g145240,8,5.838593414923135,1.0
Waus8730.v1.chr9.g145240,Waus8730.v1.chr9.g145240,9,4.306674676455686,0.9734904270986745
Waus8730.v1.chr9.g145240,Waus8730.v1.chr9.g145240,10,2.233744203338063,0.8648208469055375
Waus8730.v1.chr9.g145240,Waus8730.v1.chr9.g145240,11,0.770510562897647,0.7795454545454545
Waus8730.v1.chr9.g145240,Waus8730.v1.chr9.g145240,12,2.4127747330520966,0.8777173913043478
Waus8730.v1.chr9.g145240,Waus8730.v1.chr9.g145240,13,5.827088550049537,1.0
Waus8730.v1.chr9.g145240,Waus8730.v1.chr9.g145240,14,2.318639046484113,0.9130434782608695
Waus8730.v1.chr16.g057130,Waus8730.v1.chr16.g057130,0,2.446871881703655,0.8340016038492382
Waus8730.v1.chr16.g057130,Waus8730.v1.chr16.g057130,1,1.6128729220234634,0.7319148936170212
Waus8730.v1.chr16.g057130,Waus8730.v1.chr16.g057130,2,4.25360740659145,0.9830508474576272
Waus8730.v1.chr16.g057130,Waus8730.v1.chr16.g057130,3,0.4225564976406547,0.27226202661207777
Waus8730.v1.chr16.g057130,Waus8730.v1.chr16.g057130,4,0.33855680758406487,0.12513144058885384
Waus8730.v1.chr16.g057130,Waus8730.v1.chr16.g057130,5,0.18769696927380253,0.1420704845814978
Waus8730.v1.chr16.g057130,Waus8730.v1.chr16.g057130,6,0.17145019622537083,0.3312883435582822
Waus8730.v1.chr16.g057130,Waus8730.v1.chr16.g057130,7,0.3763799365363732,0.16209476309226933
Waus8730.v1.chr16.g057130,Waus8730.v1.chr16.g057130,8,2.4046597259188105,0.9460188933873145
Waus8730.v1.chr16.g057130,Waus8730.v1.chr16.g057130,9,1.1318957858157113,0.39322533136966126
Waus8730.v1.chr16.g057130,Waus8730.v1.chr16.g057130,10,0.17188299875860585,0.1237785016286645
Waus8730.v1.chr16.g057130,Waus8730.v1.chr16.g057130,11,0.07315990761846326,0.12727272727272726
Waus8730.v1.chr16.g057130,Waus8730.v1.chr16.g057130,12,0.1806846571751281,0.08152173913043478
Waus8730.v1.chr16.g057130,Waus8730.v1.chr16.g057130,13,2.140513993408436,0.9779874213836478
Waus8730.v1.chr16.g057130,Waus8730.v1.chr16.g057130,14,0.1781414514149913,0.2826086956521739
Waus8730.v1.chr7.g133850,THI1|Waus8730.v1.chr7.g133850,0,5.376894926227821,0.9991980753809142
Waus8730.v1.chr7.g133850,THI1|Waus8730.v1.chr7.g133850,1,4.3008649801900605,0.9821276595744681
Waus8730.v1.chr7.g133850,THI1|Waus8730.v1.chr7.g133850,2,1.147927971903054,0.6769690927218345
Waus8730.v1.chr7.g133850,THI1|Waus8730.v1.chr7.g133850,3,2.6970807886514097,0.8730808597748209
Waus8730.v1.chr7.g133850,THI1|Waus8730.v1.chr7.g133850,4,4.7579320335910555,0.9789695057833859
Waus8730.v1.chr7.g133850,THI1|Waus8730.v1.chr7.g133850,5,4.537815747025818,0.987885462555066
Waus8730.v1.chr7.g133850,THI1|Waus8730.v1.chr7.g133850,6,2.5277691915917266,0.9619631901840491
Waus8730.v1.chr7.g133850,THI1|Waus8730.v1.chr7.g133850,7,1.8738947628585525,0.6458852867830424
Waus8730.v1.chr7.g133850,THI1|Waus8730.v1.chr7.g133850,8,0.8978481191388179,0.6275303643724697
Waus8730.v1.chr7.g133850,THI1|Waus8730.v1.chr7.g133850,9,1.9095321981374647,0.605301914580265
Waus8730.v1.chr7.g133850,THI1|Waus8730.v1.chr7.g133850,10,4.849089478404206,0.9837133550488599
Waus8730.v1.chr7.g133850,THI1|Waus8730.v1.chr7.g133850,11,4.938417666767667,0.9886363636363636
Waus8730.v1.chr7.g133850,THI1|Waus8730.v1.chr7.g133850,12,4.762601587944016,0.9945652173913043
Waus8730.v1.chr7.g133850,THI1|Waus8730.v1.chr7.g133850,13,2.10102294396421,0.8710691823899371
Waus8730.v1.chr7.g133850,THI1|Waus8730.v1.chr7.g133850,14,2.1830229195641317,0.8913043478260869
Waus8730.v1.chr16.g057270,Waus8730.v1.chr16.g057270,0,0.2760047799714459,0.1868484362469928
Waus8730.v1.chr16.g057270,Waus8730.v1.chr16.g057270,1,2.0821683712058037,0.7897872340425532
Waus8730.v1.chr16.g057270,Waus8730.v1.chr16.g057270,2,0.22435076374313095,0.2143569292123629
Waus8730.v1.chr16.g057270,Waus8730.v1.chr16.g057270,3,0.38931562380456436,0.28863868986693964
Waus8730.v1.chr16.g057270,Waus8730.v1.chr16.g057270,4,0.45992608364088045,0.16929547844374343
Waus8730.v1.chr16.g057270,Waus8730.v1.chr16.g057270,5,1.0023189492797746,0.4713656387665198
Waus8730.v1.chr16.g057270,Waus8730.v1.chr16.g057270,6,0.19298657333004748,0.3128834355828221
Waus8730.v1.chr16.g057270,Waus8730.v1.chr16.g057270,7,0.22870871299615625,0.10224438902743142
Waus8730.v1.chr16.g057270,Waus8730.v1.chr16.g057270,8,1.8549736815324227,0.863697705802969
Waus8730.v1.chr16.g057270,Waus8730.v1.chr16.g057270,9,0.5908214692494114,0.21796759941089838
Waus8730.v1.chr16.g057270,Waus8730.v1.chr16.g057270,10,0.5463633986255509,0.3306188925081433
Waus8730.v1.chr16.g057270,Waus8730.v1.chr16.g057270,11,0.14877946423502283,0.22727272727272727
Waus8730.v1.chr16.g057270,Waus8730.v1.chr16.g057270,12,0.40414855366475955,0.18206521739130435
Waus8730.v1.chr16.g057270,Waus8730.v1.chr16.g057270,13,1.9692464371544325,0.9559748427672956
Waus8730.v1.chr16.g057270,Waus8730.v1.chr16.g057270,14,0.12172731181474487,0.10869565217391304
Waus8730.v1.chr3.g095120,Waus8730.v1.chr3.g095120,0,0.5308781704336278,0.3993584603047314
Waus8730.v1.chr3.g095120,Waus8730.v1.chr3.g095120,1,0.03736457686360212,0.03404255319148936
Waus8730.v1.chr3.g095120,Waus8730.v1.chr3.g095120,2,0.6804210072847511,0.5284147557328016
Waus8730.v1.chr3.g095120,Waus8730.v1.chr3.g095120,3,0.06243326974371387,0.08904810644831115
Waus8730.v1.chr3.g095120,Waus8730.v1.chr3.g095120,4,0.08683724972092506,0.03470031545741325
Waus8730.v1.chr3.g095120,Waus8730.v1.chr3.g095120,5,0.20780301333219334,0.14537444933920704
Waus8730.v1.chr3.g095120,Waus8730.v1.chr3.g095120,6,0.1496054746950883,0.4368098159509202
Waus8730.v1.chr3.g095120,Waus8730.v1.chr3.g095120,7,0.07013001072861857,0.03366583541147132
Waus8730.v1.chr3.g095120,Waus8730.v1.chr3.g095120,8,0.021226566866738933,0.032388663967611336
Waus8730.v1.chr3.g095120,Waus8730.v1.chr3.g095120,9,0.04423677026853556,0.023564064801178203
Waus8730.v1.chr3.g095120,Waus8730.v1.chr3.g095120,10,0.10517296695703014,0.10586319218241043
Waus8730.v1.chr3.g095120,Waus8730.v1.chr3.g095120,11,0.14109211125743384,0.3477272727272727
Waus8730.v1.chr3.g095120,Waus8730.v1.chr3.g095120,12,0.06252380919972253,0.0625
Waus8730.v1.chr3.g095120,Waus8730.v1.chr3.g095120,13,0.032710925168524856,0.0880503144654088
Waus8730.v1.chr3.g095120,Waus8730.v1.chr3.g095120,14,3.4920924932380357,0.9565217391304348
Waus8730.v1.chr12.g027290,Waus8730.v1.chr12.g027290,0,1.4453208486914042,0.7353648757016841
Waus8730.v1.chr12.g027290,Waus8730.v1.chr12.g027290,1,2.2764470176556624,0.8587234042553191
Waus8730.v1.chr12.g027290,Waus8730.v1.chr12.g027290,2,2.336425637264332,0.8993020937188435
Waus8730.v1.chr12.g027290,Waus8730.v1.chr12.g027290,3,2.801144870130933,0.9232343909928352
Waus8730.v1.chr12.g027290,Waus8730.v1.chr12.g027290,4,1.8819555884948682,0.601472134595163
Waus8730.v1.chr12.g027290,Waus8730.v1.chr12.g027290,5,4.016550350324929,0.9768722466960352
Waus8730.v1.chr12.g027290,Waus8730.v1.chr12.g027290,6,3.0995396444063186,0.9815950920245399
Waus8730.v1.chr12.g027290,Waus8730.v1.chr12.g027290,7,1.8351633043967854,0.6483790523690773
Waus8730.v1.chr12.g027290,Waus8730.v1.chr12.g027290,8,3.4511895310697556,0.9757085020242915
Waus8730.v1.chr12.g027290,Waus8730.v1.chr12.g027290,9,2.518436180079219,0.7378497790868925
Waus8730.v1.chr12.g027290,Waus8730.v1.chr12.g027290,10,2.446044728476227,0.8729641693811075
Waus8730.v1.chr12.g027290,Waus8730.v1.chr12.g027290,11,2.843409751075543,0.9590909090909091
Waus8730.v1.chr12.g027290,Waus8730.v1.chr12.g027290,12,2.0291308334903873,0.7228260869565217
Waus8730.v1.chr12.g027290,Waus8730.v1.chr12.g027290,13,2.864653631870302,0.9842767295597484
Waus8730.v1.chr12.g027290,Waus8730.v1.chr12.g027290,14,1.0686943284619934,0.6739130434782609
Waus8730.v1.chr5.g111250,Waus8730.v1.chr5.g111250,0,2.318863424072206,0.9302325581395349
Waus8730.v1.chr5.g111250,Waus8730.v1.chr5.g111250,1,3.5381321921752673,0.9719148936170213
Waus8730.v1.chr5.g111250,Waus8730.v1.chr5.g111250,2,2.1098625844370886,0.8883349950149552
Waus8730.v1.chr5.g111250,Waus8730.v1.chr5.g111250,3,4.098373490812481,0.9928352098259979
Waus8730.v1.chr5.g111250,Waus8730.v1.chr5.g111250,4,3.474536892091962,0.9211356466876972
Waus8730.v1.chr5.g111250,Waus8730.v1.chr5.g111250,5,5.01117666910558,0.9911894273127754
Waus8730.v1.chr5.g111250,Waus8730.v1.chr5.g111250,6,3.9160870785241237,0.9938650306748467
Waus8730.v1.chr5.g111250,Waus8730.v1.chr5.g111250,7,2.750604326332051,0.8678304239401496
Waus8730.v1.chr5.g111250,Waus8730.v1.chr5.g111250,8,3.808406373361505,0.9878542510121457
Waus8730.v1.chr5.g111250,Waus8730.v1.chr5.g111250,9,3.539911993112064,0.9322533136966127
Waus8730.v1.chr5.g111250,Waus8730.v1.chr5.g111250,10,4.142850276698476,0.988599348534202
Waus8730.v1.chr5.g111250,Waus8730.v1.chr5.g111250,11,3.9829701415063896,0.9818181818181818
Waus8730.v1.chr5.g111250,Waus8730.v1.chr5.g111250,12,3.5454860023789014,0.967391304347826
Waus8730.v1.chr5.g111250,Waus8730.v1.chr5.g111250,13,3.7079897897495537,0.9937106918238994
Waus8730.v1.chr5.g111250,Waus8730.v1.chr5.g111250,14,1.882734027110593,0.9130434782608695
Waus8730.v1.chr1.g013300,Waus8730.v1.chr1.g013300,0,2.3703916353934655,0.8700882117080995
Waus8730.v1.chr1.g013300,Waus8730.v1.chr1.g013300,1,2.7850031736331333,0.9029787234042553
Waus8730.v1.chr1.g013300,Waus8730.v1.chr1.g013300,2,3.235367962637675,0.9581256231306082
Waus8730.v1.chr1.g013300,Waus8730.v1.chr1.g013300,3,2.623996376507134,0.9078812691914022
Waus8730.v1.chr1.g013300,Waus8730.v1.chr1.g013300,4,1.824759059294254,0.5972660357518401
Waus8730.v1.chr1.g013300,Waus8730.v1.chr1.g013300,5,3.8280495747897203,0.9768722466960352
Waus8730.v1.chr1.g013300,Waus8730.v1.chr1.g013300,6,2.663467966715748,0.9693251533742331
Waus8730.v1.chr1.g013300,Waus8730.v1.chr1.g013300,7,1.573326486309966,0.5960099750623441
Waus8730.v1.chr1.g013300,Waus8730.v1.chr1.g013300,8,3.5579403517605286,0.9851551956815114
Waus8730.v1.chr1.g013300,Waus8730.v1.chr1.g013300,9,2.314534703347886,0.711340206185567
Waus8730.v1.chr1.g013300,Waus8730.v1.chr1.g013300,10,2.3211453339977512,0.8615635179153095
Waus8730.v1.chr1.g013300,Waus8730.v1.chr1.g013300,11,2.5742673123488524,0.9431818181818182
Waus8730.v1.chr1.g013300,Waus8730.v1.chr1.g013300,12,1.8201634813062604,0.6956521739130435
Waus8730.v1.chr1.g013300,Waus8730.v1.chr1.g013300,13,3.4438210908652254,0.9937106918238994
Waus8730.v1.chr1.g013300,Waus8730.v1.chr1.g013300,14,0.8244977462891123,0.6956521739130435
Waus8730.v1.chr9.g148620,RCA|Waus8730.v1.chr9.g148620,0,2.9482701830334426,0.9887730553327987
Waus8730.v1.chr9.g148620,RCA|Waus8730.v1.chr9.g148620,1,2.959747064163712,0.9829787234042553
Waus8730.v1.chr9.g148620,RCA|Waus8730.v1.chr9.g148620,2,4.829185277121071,1.0
Waus8730.v1.chr9.g148620,RCA|Waus8730.v1.chr9.g148620,3,4.868616022045562,0.9989764585465711
Waus8730.v1.chr9.g148620,RCA|Waus8730.v1.chr9.g148620,4,4.216236214196343,0.9926393270241851
Waus8730.v1.chr9.g148620,RCA|Waus8730.v1.chr9.g148620,5,4.299934210752924,0.9977973568281938
Waus8730.v1.chr9.g148620,RCA|Waus8730.v1.chr9.g148620,6,5.205410090345731,1.0
Waus8730.v1.chr9.g148620,RCA|Waus8730.v1.chr9.g148620,7,4.297440517891466,0.9962593516209476
Waus8730.v1.chr9.g148620,RCA|Waus8730.v1.chr9.g148620,8,4.5272737291006875,1.0
Waus8730.v1.chr9.g148620,RCA|Waus8730.v1.chr9.g148620,9,4.890711281312002,0.9970544918998527
Waus8730.v1.chr9.g148620,RCA|Waus8730.v1.chr9.g148620,10,4.360734702991986,1.0
Waus8730.v1.chr9.g148620,RCA|Waus8730.v1.chr9.g148620,11,4.603315930425686,0.9863636363636363
Waus8730.v1.chr9.g148620,RCA|Waus8730.v1.chr9.g148620,12,4.259039638107872,0.9972826086956522
Waus8730.v1.chr9.g148620,RCA|Waus8730.v1.chr9.g148620,13,3.3970522279058684,0.9968553459119497
Waus8730.v1.chr9.g148620,RCA|Waus8730.v1.chr9.g148620,14,2.650702383044909,0.9782608695652174
Waus8730.v1.chr13.g040080,Waus8730.v1.chr13.g040080,0,2.807472747344247,0.9374498797113071
Waus8730.v1.chr13.g040080,Waus8730.v1.chr13.g040080,1,2.143349340930228,0.8791489361702127
Waus8730.v1.chr13.g040080,Waus8730.v1.chr13.g040080,2,0.6182529742544355,0.5294117647058824
Waus8730.v1.chr13.g040080,Waus8730.v1.chr13.g040080,3,0.8903230892914625,0.4953940634595701
Waus8730.v1.chr13.g040080,Waus8730.v1.chr13.g040080,4,2.3010419702180767,0.7055730809674028
Waus8730.v1.chr13.g040080,Waus8730.v1.chr13.g040080,5,2.0679750108633237,0.8270925110132159
Waus8730.v1.chr13.g040080,Waus8730.v1.chr13.g040080,6,1.3444199396470675,0.8785276073619632
Waus8730.v1.chr13.g040080,Waus8730.v1.chr13.g040080,7,0.5326466418712201,0.24688279301745636
Waus8730.v1.chr13.g040080,Waus8730.v1.chr13.g040080,8,0.6596002363753339,0.5641025641025641
Waus8730.v1.chr13.g040080,Waus8730.v1.chr13.g040080,9,0.44558212099502725,0.17673048600883653
Waus8730.v1.chr13.g040080,Waus8730.v1.chr13.g040080,10,2.715589828108212,0.8729641693811075
Waus8730.v1.chr13.g040080,Waus8730.v1.chr13.g040080,11,3.2736225026193013,0.9477272727272728
Waus8730.v1.chr13.g040080,Waus8730.v1.chr13.g040080,12,2.642401405798839,0.8179347826086957
Waus8730.v1.chr13.g040080,Waus8730.v1.chr13.g040080,13,1.1238125507476942,0.8584905660377359
Waus8730.v1.chr13.g040080,Waus8730.v1.chr13.g040080,14,1.2793702524856474,0.7391304347826086
Waus8730.v1.chr11.g023520,Waus8730.v1.chr11.g023520,0,3.787243421297365,0.9991980753809142
Waus8730.v1.chr11.g023520,Waus8730.v1.chr11.g023520,1,3.567016673909869,0.9931914893617021
Waus8730.v1.chr11.g023520,Waus8730.v1.chr11.g023520,2,3.7409874417519653,0.9990029910269193
Waus8730.v1.chr11.g023520,Waus8730.v1.chr11.g023520,3,4.418349440587517,1.0
Waus8730.v1.chr11.g023520,Waus8730.v1.chr11.g023520,4,4.478916647277944,0.9968454258675079
Waus8730.v1.chr11.g023520,Waus8730.v1.chr11.g023520,5,4.438711268084657,1.0
Waus8730.v1.chr11.g023520,Waus8730.v1.chr11.g023520,6,5.231436052496534,1.0
Waus8730.v1.chr11.g023520,Waus8730.v1.chr11.g023520,7,3.989447336636075,0.9788029925187033
Waus8730.v1.chr11.g023520,Waus8730.v1.chr11.g023520,8,3.538443364779088,0.9986504723346828
Waus8730.v1.chr11.g023520,Waus8730.v1.chr11.g023520,9,4.338581471622546,0.9926362297496318
Waus8730.v1.chr11.g023520,Waus8730.v1.chr11.g023520,10,4.527390780116684,1.0
Waus8730.v1.chr11.g023520,Waus8730.v1.chr11.g023520,11,5.101792763151917,0.9931818181818182
Waus8730.v1.chr11.g023520,Waus8730.v1.chr11.g023520,12,4.543084790260076,0.9972826086956522
Waus8730.v1.chr11.g023520,Waus8730.v1.chr11.g023520,13,3.1853376322123133,1.0
Waus8730.v1.chr11.g023520,Waus8730.v1.chr11.g023520,14,2.643391865207041,1.0
Waus8730.v1.chr5.g115190,Waus8730.v1.chr5.g115190,0,0.4131585796490673,0.2566158781074579
Waus8730.v1.chr5.g115190,Waus8730.v1.chr5.g115190,1,0.6585311828697253,0.35829787234042554
Waus8730.v1.chr5.g115190,Waus8730.v1.chr5.g115190,2,4.030368910959598,0.9950149551345963
Waus8730.v1.chr5.g115190,Waus8730.v1.chr5.g115190,3,3.6010514719350883,0.8863868986693961
Waus8730.v1.chr5.g115190,Waus8730.v1.chr5.g115190,4,0.8756255047592414,0.2754994742376446
Waus8730.v1.chr5.g115190,Waus8730.v1.chr5.g115190,5,2.670678775075383,0.8006607929515418
Waus8730.v1.chr5.g115190,Waus8730.v1.chr5.g115190,6,4.563917942378878,0.9987730061349693
Waus8730.v1.chr5.g115190,Waus8730.v1.chr5.g115190,7,3.408207260007114,0.9077306733167082
Waus8730.v1.chr5.g115190,Waus8730.v1.chr5.g115190,8,4.1153226406369035,0.9892037786774629
Waus8730.v1.chr5.g115190,Waus8730.v1.chr5.g115190,9,4.219345622610323,0.9690721649484536
Waus8730.v1.chr5.g115190,Waus8730.v1.chr5.g115190,10,0.8865081289790216,0.44299674267100975
Waus8730.v1.chr5.g115190,Waus8730.v1.chr5.g115190,11,1.1412831374334584,0.7545454545454545
Waus8730.v1.chr5.g115190,Waus8730.v1.chr5.g115190,12,0.6044597182630084,0.29891304347826086
Waus8730.v1.chr5.g115190,Waus8730.v1.chr5.g115190,13,2.3888220293567453,0.8144654088050315
Waus8730.v1.chr5.g115190,Waus8730.v1.chr5.g115190,14,1.4766336765870722,0.6304347826086957
Waus8730.v1.chr6.g122410,Waus8730.v1.chr6.g122410,0,1.8026814010081222,0.8452285485164395
Waus8730.v1.chr6.g122410,Waus8730.v1.chr6.g122410,1,1.9040649074264822,0.854468085106383
Waus8730.v1.chr6.g122410,Waus8730.v1.chr6.g122410,2,3.209941381620271,0.9810568295114656
Waus8730.v1.chr6.g122410,Waus8730.v1.chr6.g122410,3,3.4152501191117435,0.9641760491299898
Waus8730.v1.chr6.g122410,Waus8730.v1.chr6.g122410,4,2.598755236049563,0.7907465825446898
Waus8730.v1.chr6.g122410,Waus8730.v1.chr6.g122410,5,3.3157666974192836,0.9581497797356828
Waus8730.v1.chr6.g122410,Waus8730.v1.chr6.g122410,6,4.348049268452804,0.9975460122699387
Waus8730.v1.chr6.g122410,Waus8730.v1.chr6.g122410,7,3.029994471228785,0.8977556109725686
Waus8730.v1.chr6.g122410,Waus8730.v1.chr6.g122410,8,3.392295177241792,0.9878542510121457
Waus8730.v1.chr6.g122410,Waus8730.v1.chr6.g122410,9,3.5378767577670343,0.9499263622974963
Waus8730.v1.chr6.g122410,Waus8730.v1.chr6.g122410,10,2.8425339211955056,0.9201954397394136
Waus8730.v1.chr6.g122410,Waus8730.v1.chr6.g122410,11,3.540802073191059,0.9681818181818181
Waus8730.v1.chr6.g122410,Waus8730.v1.chr6.g122410,12,2.7280578126307526,0.8505434782608695
Waus8730.v1.chr6.g122410,Waus8730.v1.chr6.g122410,13,2.459025579784165,0.9748427672955975
Waus8730.v1.chr6.g122410,Waus8730.v1.chr6.g122410,14,1.8963950261588938,0.8695652173913043
Waus8730.v1.chr7.g126900,Waus8730.v1.chr7.g126900,0,2.2887600641235792,0.9045709703287891
Waus8730.v1.chr7.g126900,Waus8730.v1.chr7.g126900,1,2.37567680512903,0.9004255319148936
Waus8730.v1.chr7.g126900,Waus8730.v1.chr7.g126900,2,1.6461461373345299,0.8225324027916251
Waus8730.v1.chr7.g126900,Waus8730.v1.chr7.g126900,3,2.033703842416713,0.8116683725690891
Waus8730.v1.chr7.g126900,Waus8730.v1.chr7.g126900,4,2.276646571221453,0.7181913774973712
Waus8730.v1.chr7.g126900,Waus8730.v1.chr7.g126900,5,2.6147164803076137,0.9262114537444934
Waus8730.v1.chr7.g126900,Waus8730.v1.chr7.g126900,6,2.8794485689497313,0.9582822085889571
Waus8730.v1.chr7.g126900,Waus8730.v1.chr7.g126900,7,1.477859156729004,0.557356608478803
Waus8730.v1.chr7.g126900,Waus8730.v1.chr7.g126900,8,2.336801454254259,0.9433198380566802
Waus8730.v1.chr7.g126900,Waus8730.v1.chr7.g126900,9,1.7864097359768083,0.5861561119293078
Waus8730.v1.chr7.g126900,Waus8730.v1.chr7.g126900,10,2.7329883887731143,0.9006514657980456
Waus8730.v1.chr7.g126900,Waus8730.v1.chr7.g126900,11,3.4057189740809846,0.9681818181818181
Waus8730.v1.chr7.g126900,Waus8730.v1.chr7.g126900,12,2.6171234133159897,0.8342391304347826
Waus8730.v1.chr7.g126900,Waus8730.v1.chr7.g126900,13,2.091261730166252,0.9559748427672956
Waus8730.v1.chr7.g126900,Waus8730.v1.chr7.g126900,14,1.3907794305964492,0.8260869565217391
Waus8730.v1.chr7.g132050,NAR2.2|Waus8730.v1.chr7.g132050,0,1.7613194466295117,0.7666399358460305
Waus8730.v1.chr7.g132050,NAR2.2|Waus8730.v1.chr7.g132050,1,3.4894951924564275,0.9361702127659575
Waus8730.v1.chr7.g132050,NAR2.2|Waus8730.v1.chr7.g132050,2,1.2136159810071814,0.7058823529411765
Waus8730.v1.chr7.g132050,NAR2.2|Waus8730.v1.chr7.g132050,3,0.7565738399187552,0.4923234390992835
Waus8730.v1.chr7.g132050,NAR2.2|Waus8730.v1.chr7.g132050,4,0.9918178445461835,0.3470031545741325
Waus8730.v1.chr7.g132050,NAR2.2|Waus8730.v1.chr7.g132050,5,1.6801424070805275,0.76431718061674
Waus8730.v1.chr7.g132050,NAR2.2|Waus8730.v1.chr7.g132050,6,0.5544976430348239,0.7693251533742331
Waus8730.v1.chr7.g132050,NAR2.2|Waus8730.v1.chr7.g132050,7,0.46633148672123154,0.2119700748129676
Waus8730.v1.chr7.g132050,NAR2.2|Waus8730.v1.chr7.g132050,8,3.1886614261906248,0.97165991902834
Waus8730.v1.chr7.g132050,NAR2.2|Waus8730.v1.chr7.g132050,9,1.550239844200829,0.5036818851251841
Waus8730.v1.chr7.g132050,NAR2.2|Waus8730.v1.chr7.g132050,10,1.259569483323218,0.6172638436482085
Waus8730.v1.chr7.g132050,NAR2.2|Waus8730.v1.chr7.g132050,11,0.7021820598986355,0.725
Waus8730.v1.chr7.g132050,NAR2.2|Waus8730.v1.chr7.g132050,12,0.8842590213380371,0.41847826086956524
Waus8730.v1.chr7.g132050,NAR2.2|Waus8730.v1.chr7.g132050,13,3.2616131544829194,0.9905660377358491
Waus8730.v1.chr7.g132050,NAR2.2|Waus8730.v1.chr7.g132050,14,0.5904307618684301,0.5
Waus8730.v1.chr12.g028590,Waus8730.v1.chr12.g028590,0,0.22443356564841865,0.21090617481956697
Waus8730.v1.chr12.g028590,Waus8730.v1.chr12.g028590,1,2.1072980208767746,0.7727659574468085
Waus8730.v1.chr12.g028590,Waus8730.v1.chr12.g028590,2,0.05837132537211064,0.07377866400797607
Waus8730.v1.chr12.g028590,Waus8730.v1.chr12.g028590,3,0.07415374202769812,0.06141248720573183
Waus8730.v1.chr12.g028590,Waus8730.v1.chr12.g028590,4,0.15209700613006022,0.056782334384858045
Waus8730.v1.chr12.g028590,Waus8730.v1.chr12.g028590,5,0.036717087159606726,0.031938325991189426
Waus8730.v1.chr12.g028590,Waus8730.v1.chr12.g028590,6,0.020036105933205907,0.04171779141104295
Waus8730.v1.chr12.g028590,Waus8730.v1.chr12.g028590,7,0.043768544583201834,0.018703241895261846
Waus8730.v1.chr12.g028590,Waus8730.v1.chr12.g028590,8,1.2033939076610034,0.6774628879892037
Waus8730.v1.chr12.g028590,Waus8730.v1.chr12.g028590,9,0.2368166256203666,0.09720176730486009
Waus8730.v1.chr12.g028590,Waus8730.v1.chr12.g028590,10,0.16640364705323696,0.10586319218241043
Waus8730.v1.chr12.g028590,Waus8730.v1.chr12.g028590,11,0.025073227171096064,0.06363636363636363
Waus8730.v1.chr12.g028590,Waus8730.v1.chr12.g028590,12,0.15367653355032554,0.07065217391304347
Waus8730.v1.chr12.g028590,Waus8730.v1.chr12.g028590,13,1.791359526471524,0.9308176100628931
Waus8730.v1.chr12.g028590,Waus8730.v1.chr12.g028590,14,0.1604616564439361,0.17391304347826086
Waus8730.v1.chr4.g099300,NRT2.3|Waus8730.v1.chr4.g099300,0,0.12847018837270754,0.09863672814755413
Waus8730.v1.chr4.g099300,NRT2.3|Waus8730.v1.chr4.g099300,1,2.339346172621637,0.8059574468085107
Waus8730.v1.chr4.g099300,NRT2.3|Waus8730.v1.chr4.g099300,2,0.0630697116225081,0.05583250249252243
Waus8730.v1.chr4.g099300,NRT2.3|Waus8730.v1.chr4.g099300,3,0.07418922231311025,0.05834186284544524
Waus8730.v1.chr4.g099300,NRT2.3|Waus8730.v1.chr4.g099300,4,0.23286564080933078,0.08412197686645637
Waus8730.v1.chr4.g099300,NRT2.3|Waus8730.v1.chr4.g099300,5,0.365051882482169,0.236784140969163
Waus8730.v1.chr4.g099300,NRT2.3|Waus8730.v1.chr4.g099300,6,0.01978790819738919,0.07239263803680981
Waus8730.v1.chr4.g099300,NRT2.3|Waus8730.v1.chr4.g099300,7,0.08767839298786649,0.03865336658354115
Waus8730.v1.chr4.g099300,NRT2.3|Waus8730.v1.chr4.g099300,8,1.7056373848627389,0.7894736842105263
Waus8730.v1.chr4.g099300,NRT2.3|Waus8730.v1.chr4.g099300,9,0.4340407710401217,0.15905743740795286
Waus8730.v1.chr4.g099300,NRT2.3|Waus8730.v1.chr4.g099300,10,0.2779412204815286,0.15798045602605862
Waus8730.v1.chr4.g099300,NRT2.3|Waus8730.v1.chr4.g099300,11,0.022163188362173895,0.07272727272727272
Waus8730.v1.chr4.g099300,NRT2.3|Waus8730.v1.chr4.g099300,12,0.2664951697309249,0.125
Waus8730.v1.chr4.g099300,NRT2.3|Waus8730.v1.chr4.g099300,13,1.8516988246598454,0.8742138364779874
Waus8730.v1.chr4.g099300,NRT2.3|Waus8730.v1.chr4.g099300,14,0.008806495157406356,0.021739130434782608
Waus8730.v1.chr3.g090140,GRP1|Waus8730.v1.chr3.g090140,0,4.322671651322784,0.9967923015236567
Waus8730.v1.chr3.g090140,GRP1|Waus8730.v1.chr3.g090140,1,4.213852582542835,0.985531914893617
Waus8730.v1.chr3.g090140,GRP1|Waus8730.v1.chr3.g090140,2,1.6498486572823479,0.7866400797607178
Waus8730.v1.chr3.g090140,GRP1|Waus8730.v1.chr3.g090140,3,2.7544794295074344,0.9160696008188332
Waus8730.v1.chr3.g090140,GRP1|Waus8730.v1.chr3.g090140,4,3.526228327428167,0.9232386961093586
Waus8730.v1.chr3.g090140,GRP1|Waus8730.v1.chr3.g090140,5,3.7712839810194234,0.9724669603524229
Waus8730.v1.chr3.g090140,GRP1|Waus8730.v1.chr3.g090140,6,2.196213703569982,0.9570552147239264
Waus8730.v1.chr3.g090140,GRP1|Waus8730.v1.chr3.g090140,7,1.4475057840045686,0.5498753117206983
Waus8730.v1.chr3.g090140,GRP1|Waus8730.v1.chr3.g090140,8,2.480228097954188,0.9365721997300944
Waus8730.v1.chr3.g090140,GRP1|Waus8730.v1.chr3.g090140,9,2.0626391416715673,0.6553755522827688
Waus8730.v1.chr3.g090140,GRP1|Waus8730.v1.chr3.g090140,10,3.7105471978868545,0.9690553745928339
Waus8730.v1.chr3.g090140,GRP1|Waus8730.v1.chr3.g090140,11,3.811353660624361,0.9795454545454545
Waus8730.v1.chr3.g090140,GRP1|Waus8730.v1.chr3.g090140,12,3.5346148883181048,0.970108695652174
Waus8730.v1.chr3.g090140,GRP1|Waus8730.v1.chr3.g090140,13,3.383477913197748,0.9811320754716981
Waus8730.v1.chr3.g090140,GRP1|Waus8730.v1.chr3.g090140,14,2.7648349831891883,0.9347826086956522
Waus8730.v1.chr9.g141430,GRP1|Waus8730.v1.chr9.g141430,0,3.2080764748918384,0.9454691259021651
Waus8730.v1.chr9.g141430,GRP1|Waus8730.v1.chr9.g141430,1,2.1970822599453257,0.8451063829787234
Waus8730.v1.chr9.g141430,GRP1|Waus8730.v1.chr9.g141430,2,0.4974905661295404,0.4127617148554337
Waus8730.v1.chr9.g141430,GRP1|Waus8730.v1.chr9.g141430,3,0.8534634900530816,0.4984646878198567
Waus8730.v1.chr9.g141430,GRP1|Waus8730.v1.chr9.g141430,4,1.6743797077982194,0.5531019978969506
Waus8730.v1.chr9.g141430,GRP1|Waus8730.v1.chr9.g141430,5,1.8408483408040184,0.75
Waus8730.v1.chr9.g141430,GRP1|Waus8730.v1.chr9.g141430,6,0.4195187189387568,0.5803680981595092
Waus8730.v1.chr9.g141430,GRP1|Waus8730.v1.chr9.g141430,7,0.2825250884613865,0.13092269326683292
Waus8730.v1.chr9.g141430,GRP1|Waus8730.v1.chr9.g141430,8,0.7645676607462014,0.573549257759784
Waus8730.v1.chr9.g141430,GRP1|Waus8730.v1.chr9.g141430,9,0.3466216387809554,0.13843888070692195
Waus8730.v1.chr9.g141430,GRP1|Waus8730.v1.chr9.g141430,10,1.9011428433474031,0.7768729641693811
Waus8730.v1.chr9.g141430,GRP1|Waus8730.v1.chr9.g141430,11,2.376057453879855,0.9340909090909091
Waus8730.v1.chr9.g141430,GRP1|Waus8730.v1.chr9.g141430,12,1.7751702379572083,0.6902173913043478
Waus8730.v1.chr9.g141430,GRP1|Waus8730.v1.chr9.g141430,13,1.668185730318651,0.9025157232704403
Waus8730.v1.chr9.g141430,GRP1|Waus8730.v1.chr9.g141430,14,0.9834298431414163,0.5869565217391305
Waus8730.v1.chr2.g084870,Waus8730.v1.chr2.g084870,0,2.9501904067451568,0.946271050521251
Waus8730.v1.chr2.g084870,Waus8730.v1.chr2.g084870,1,2.3333823900395454,0.8553191489361702
Waus8730.v1.chr2.g084870,Waus8730.v1.chr2.g084870,2,0.8189708109321824,0.5902293120638086
Waus8730.v1.chr2.g084870,Waus8730.v1.chr2.g084870,3,1.1634975471184454,0.6079836233367452
Waus8730.v1.chr2.g084870,Waus8730.v1.chr2.g084870,4,2.0742306440232663,0.6603575184016824
Waus8730.v1.chr2.g084870,Waus8730.v1.chr2.g084870,5,1.9585463728114523,0.7918502202643172
Waus8730.v1.chr2.g084870,Waus8730.v1.chr2.g084870,6,1.2487586478350134,0.8723926380368098
Waus8730.v1.chr2.g084870,Waus8730.v1.chr2.g084870,7,0.5298772329389093,0.24688279301745636
Waus8730.v1.chr2.g084870,Waus8730.v1.chr2.g084870,8,1.3460165120968701,0.7786774628879892
Waus8730.v1.chr2.g084870,Waus8730.v1.chr2.g084870,9,0.6664621144045668,0.24447717231222385
Waus8730.v1.chr2.g084870,Waus8730.v1.chr2.g084870,10,2.5147849018648207,0.8664495114006515
Waus8730.v1.chr2.g084870,Waus8730.v1.chr2.g084870,11,3.321856969375082,0.975
Waus8730.v1.chr2.g084870,Waus8730.v1.chr2.g084870,12,2.446653177174227,0.8152173913043478
Waus8730.v1.chr2.g084870,Waus8730.v1.chr2.g084870,13,1.864150743025548,0.9339622641509434
Waus8730.v1.chr2.g084870,Waus8730.v1.chr2.g084870,14,1.3266947667164544,0.7391304347826086
Waus8730.v1.chr5.g116730,Waus8730.v1.chr5.g116730,0,3.3055291464761227,0.9334402566158782
Waus8730.v1.chr5.g116730,Waus8730.v1.chr5.g116730,1,1.2989376177987575,0.6008510638297873
Waus8730.v1.chr5.g116730,Waus8730.v1.chr5.g116730,2,5.019385587443612,0.9930209371884346
Waus8730.v1.chr5.g116730,Waus8730.v1.chr5.g116730,3,1.5190452139885706,0.6990788126919141
Waus8730.v1.chr5.g116730,Waus8730.v1.chr5.g116730,4,1.109775971820251,0.38590956887486855
Waus8730.v1.chr5.g116730,Waus8730.v1.chr5.g116730,5,0.9354281026111139,0.5033039647577092
Waus8730.v1.chr5.g116730,Waus8730.v1.chr5.g116730,6,1.0416524907048292,0.845398773006135
Waus8730.v1.chr5.g116730,Waus8730.v1.chr5.g116730,7,0.9734778650890272,0.4102244389027431
Waus8730.v1.chr5.g116730,Waus8730.v1.chr5.g116730,8,1.4192461042833837,0.7678812415654521
Waus8730.v1.chr5.g116730,Waus8730.v1.chr5.g116730,9,1.4550109686935238,0.49042709867452133
Waus8730.v1.chr5.g116730,Waus8730.v1.chr5.g116730,10,1.204018066216313,0.6042345276872965
Waus8730.v1.chr5.g116730,Waus8730.v1.chr5.g116730,11,0.7081399696003284,0.6613636363636364
Waus8730.v1.chr5.g116730,Waus8730.v1.chr5.g116730,12,0.7865519786825123,0.39402173913043476
Waus8730.v1.chr5.g116730,Waus8730.v1.chr5.g116730,13,2.3452523796922837,0.9748427672955975
Waus8730.v1.chr5.g116730,Waus8730.v1.chr5.g116730,14,2.996360124506411,0.8913043478260869
Waus8730.v1.chr4.g105210,Waus8730.v1.chr4.g105210,0,0.41664310307666574,0.25100240577385724
Waus8730.v1.chr4.g105210,Waus8730.v1.chr4.g105210,1,0.6527783427496051,0.4025531914893617
Waus8730.v1.chr4.g105210,Waus8730.v1.chr4.g105210,2,0.6349903568313678,0.3509471585244267
Waus8730.v1.chr4.g105210,Waus8730.v1.chr4.g105210,3,1.3614621463460008,0.5752302968270215
Waus8730.v1.chr4.g105210,Waus8730.v1.chr4.g105210,4,0.7316883402135015,0.2555205047318612
Waus8730.v1.chr4.g105210,Waus8730.v1.chr4.g105210,5,0.3754482142345528,0.2753303964757709
Waus8730.v1.chr4.g105210,Waus8730.v1.chr4.g105210,6,0.31561783482300027,0.43190184049079755
Waus8730.v1.chr4.g105210,Waus8730.v1.chr4.g105210,7,0.5445053462692713,0.23815461346633415
Waus8730.v1.chr4.g105210,Waus8730.v1.chr4.g105210,8,1.1635326161924247,0.6747638326585695
Waus8730.v1.chr4.g105210,Waus8730.v1.chr4.g105210,9,0.9131796955807899,0.32547864506627394
Waus8730.v1.chr4.g105210,Waus8730.v1.chr4.g105210,10,0.8904130348036587,0.4201954397394137
Waus8730.v1.chr4.g105210,Waus8730.v1.chr4.g105210,11,0.2046743998917063,0.27954545454545454
Waus8730.v1.chr4.g105210,Waus8730.v1.chr4.g105210,12,0.4574044929428764,0.22010869565217392
Waus8730.v1.chr4.g105210,Waus8730.v1.chr4.g105210,13,3.6386308205740687,0.9811320754716981
Waus8730.v1.chr4.g105210,Waus8730.v1.chr4.g105210,14,0.32484528684804986,0.2391304347826087
Waus8730.v1.chr2.g075880,Waus8730.v1.chr2.g075880,0,1.46742131178913,0.6118684843624699
Waus8730.v1.chr2.g075880,Waus8730.v1.chr2.g075880,1,3.4634719425307545,0.931063829787234
Waus8730.v1.chr2.g075880,Waus8730.v1.chr2.g075880,2,1.928781841045193,0.7457627118644068
Waus8730.v1.chr2.g075880,Waus8730.v1.chr2.g075880,3,0.32343284447324283,0.21699078812691913
Waus8730.v1.chr2.g075880,Waus8730.v1.chr2.g075880,4,0.8708248545181067,0.3038906414300736
Waus8730.v1.chr2.g075880,Waus8730.v1.chr2.g075880,5,0.291978587867081,0.21806167400881057
Waus8730.v1.chr2.g075880,Waus8730.v1.chr2.g075880,6,0.11643699292896598,0.25398773006134967
Waus8730.v1.chr2.g075880,Waus8730.v1.chr2.g075880,7,0.36349278545192315,0.1596009975062344
Waus8730.v1.chr2.g075880,Waus8730.v1.chr2.g075880,8,3.0882596819227754,0.970310391363023
Waus8730.v1.chr2.g075880,Waus8730.v1.chr2.g075880,9,1.5839238968698486,0.5007363770250368
Waus8730.v1.chr2.g075880,Waus8730.v1.chr2.g075880,10,0.5171716391894399,0.2964169381107492
Waus8730.v1.chr2.g075880,Waus8730.v1.chr2.g075880,11,0.14390536469814721,0.24545454545454545
Waus8730.v1.chr2.g075880,Waus8730.v1.chr2.g075880,12,0.6060759281138509,0.27445652173913043
Waus8730.v1.chr2.g075880,Waus8730.v1.chr2.g075880,13,3.4774774242388196,0.9937106918238994
Waus8730.v1.chr2.g075880,Waus8730.v1.chr2.g075880,14,0.29720624083381836,0.2391304347826087
