native_program_id,native_program_name,trusted_panel_tier,initial_review_call,manual_review_priority,waus8730_gene_id,preferred_name,source_leiden_clusters,best_marker_rank,max_marker_score,evidence_level,annotation_summary,reason_for_inclusion,review_note,manual_decision,manual_decision_notes,marker_label,grouping,group,n_cells,mean_expression,detection_fraction
carbon_fixation_assimilation,Carbon fixation / assimilation,core_marker,keep_initial,high,Waus8730.v1.chr9.g148620,RCA,6;8,1,33.4219,high,Ribulose bisphosphate carboxylase oxygenase activase,High-evidence marker with top-five rank in at least one Wolffia Leiden cluster and interpretable annotation.,Strong ranked marker with interpretable annotation; keep for first-pass scoring unless manual review finds a problem.,,,RCA|Waus8730.v1.chr9.g148620,all_cells,all_cells,11084,4.195725211330547,0.9947672320461927
carbon_fixation_assimilation,Carbon fixation / assimilation,core_marker,keep_initial,high,Waus8730.v1.chr9.g148620,RCA,6;8,1,33.4219,high,Ribulose bisphosphate carboxylase oxygenase activase,High-evidence marker with top-five rank in at least one Wolffia Leiden cluster and interpretable annotation.,Strong ranked marker with interpretable annotation; keep for first-pass scoring unless manual review finds a problem.,,,RCA|Waus8730.v1.chr9.g148620,timepoint,dawn,5532,4.80253572370406,0.9987346348517715
carbon_fixation_assimilation,Carbon fixation / assimilation,core_marker,keep_initial,high,Waus8730.v1.chr9.g148620,RCA,6;8,1,33.4219,high,Ribulose bisphosphate carboxylase oxygenase activase,High-evidence marker with top-five rank in at least one Wolffia Leiden cluster and interpretable annotation.,Strong ranked marker with interpretable annotation; keep for first-pass scoring unless manual review finds a problem.,,,RCA|Waus8730.v1.chr9.g148620,timepoint,dusk,5552,3.5911006157883496,0.990814121037464
carbon_fixation_assimilation,Carbon fixation / assimilation,core_marker,keep_initial,high,Waus8730.v1.chr13.g040080,-,0;11;12,1,30.9583,high,fructose-bisphosphate aldolase,High-evidence marker with top-five rank in at least one Wolffia Leiden cluster and interpretable annotation.,Strong ranked marker with interpretable annotation; keep for first-pass scoring unless manual review finds a problem.,,,Waus8730.v1.chr13.g040080,all_cells,all_cells,11084,1.6587794744755846,0.6903644893540238
carbon_fixation_assimilation,Carbon fixation / assimilation,core_marker,keep_initial,high,Waus8730.v1.chr13.g040080,-,0;11;12,1,30.9583,high,fructose-bisphosphate aldolase,High-evidence marker with top-five rank in at least one Wolffia Leiden cluster and interpretable annotation.,Strong ranked marker with interpretable annotation; keep for first-pass scoring unless manual review finds a problem.,,,Waus8730.v1.chr13.g040080,timepoint,dawn,5532,0.7061807046188335,0.4906001446131598
carbon_fixation_assimilation,Carbon fixation / assimilation,core_marker,keep_initial,high,Waus8730.v1.chr13.g040080,-,0;11;12,1,30.9583,high,fructose-bisphosphate aldolase,High-evidence marker with top-five rank in at least one Wolffia Leiden cluster and interpretable annotation.,Strong ranked marker with interpretable annotation; keep for first-pass scoring unless manual review finds a problem.,,,Waus8730.v1.chr13.g040080,timepoint,dusk,5552,2.6079466925677215,0.8894092219020173
carbon_fixation_assimilation,Carbon fixation / assimilation,core_marker,keep_initial,high,Waus8730.v1.chr11.g023520,-,0;4;11,3,39.6595,high,"RuBisCO catalyzes two reactions the carboxylation of D- ribulose 1,5-bisphosphate, the primary event in carbon dioxide fixation, as well as the oxidative fragmentation of the pentose substrate. Both reactions occur simultaneously and in competition at the same",High-evidence marker with top-five rank in at least one Wolffia Leiden cluster and interpretable annotation.,Strong ranked marker with interpretable annotation; keep for first-pass scoring unless manual review finds a problem.,,,Waus8730.v1.chr11.g023520,all_cells,all_cells,11084,4.162279895205015,0.9963911945146157
carbon_fixation_assimilation,Carbon fixation / assimilation,core_marker,keep_initial,high,Waus8730.v1.chr11.g023520,-,0;4;11,3,39.6595,high,"RuBisCO catalyzes two reactions the carboxylation of D- ribulose 1,5-bisphosphate, the primary event in carbon dioxide fixation, as well as the oxidative fragmentation of the pentose substrate. Both reactions occur simultaneously and in competition at the same",High-evidence marker with top-five rank in at least one Wolffia Leiden cluster and interpretable annotation.,Strong ranked marker with interpretable annotation; keep for first-pass scoring unless manual review finds a problem.,,,Waus8730.v1.chr11.g023520,timepoint,dawn,5532,4.206669291541066,0.9954808387563269
carbon_fixation_assimilation,Carbon fixation / assimilation,core_marker,keep_initial,high,Waus8730.v1.chr11.g023520,-,0;4;11,3,39.6595,high,"RuBisCO catalyzes two reactions the carboxylation of D- ribulose 1,5-bisphosphate, the primary event in carbon dioxide fixation, as well as the oxidative fragmentation of the pentose substrate. Both reactions occur simultaneously and in competition at the same",High-evidence marker with top-five rank in at least one Wolffia Leiden cluster and interpretable annotation.,Strong ranked marker with interpretable annotation; keep for first-pass scoring unless manual review finds a problem.,,,Waus8730.v1.chr11.g023520,timepoint,dusk,5552,4.11805040303444,0.9972982708933718
carbon_fixation_assimilation,Carbon fixation / assimilation,core_marker,keep_initial,high,Waus8730.v1.chr20.g087750,-,9,3,36.451,high,Bifunctional monodehydroascorbate reductase and carbonic anhydrase nectarin-3,High-evidence marker with top-five rank in at least one Wolffia Leiden cluster and interpretable annotation.,Strong ranked marker with interpretable annotation; keep for first-pass scoring unless manual review finds a problem.,,,Waus8730.v1.chr20.g087750,all_cells,all_cells,11084,0.4965631073447636,0.22924936845904006
carbon_fixation_assimilation,Carbon fixation / assimilation,core_marker,keep_initial,high,Waus8730.v1.chr20.g087750,-,9,3,36.451,high,Bifunctional monodehydroascorbate reductase and carbonic anhydrase nectarin-3,High-evidence marker with top-five rank in at least one Wolffia Leiden cluster and interpretable annotation.,Strong ranked marker with interpretable annotation; keep for first-pass scoring unless manual review finds a problem.,,,Waus8730.v1.chr20.g087750,timepoint,dawn,5532,0.7905187318230803,0.3458062183658713
carbon_fixation_assimilation,Carbon fixation / assimilation,core_marker,keep_initial,high,Waus8730.v1.chr20.g087750,-,9,3,36.451,high,Bifunctional monodehydroascorbate reductase and carbonic anhydrase nectarin-3,High-evidence marker with top-five rank in at least one Wolffia Leiden cluster and interpretable annotation.,Strong ranked marker with interpretable annotation; keep for first-pass scoring unless manual review finds a problem.,,,Waus8730.v1.chr20.g087750,timepoint,dusk,5552,0.20366640082206067,0.11311239193083573
carbon_fixation_assimilation,Carbon fixation / assimilation,core_marker,keep_initial,high,Waus8730.v1.chr14.g043590,-,6;8,3,28.9053,high,fructose-bisphosphate aldolase,High-evidence marker with top-five rank in at least one Wolffia Leiden cluster and interpretable annotation.,Strong ranked marker with interpretable annotation; keep for first-pass scoring unless manual review finds a problem.,,,Waus8730.v1.chr14.g043590,all_cells,all_cells,11084,4.151983450437328,0.991699747383616
carbon_fixation_assimilation,Carbon fixation / assimilation,core_marker,keep_initial,high,Waus8730.v1.chr14.g043590,-,6;8,3,28.9053,high,fructose-bisphosphate aldolase,High-evidence marker with top-five rank in at least one Wolffia Leiden cluster and interpretable annotation.,Strong ranked marker with interpretable annotation; keep for first-pass scoring unless manual review finds a problem.,,,Waus8730.v1.chr14.g043590,timepoint,dawn,5532,4.7145248892579135,0.9983731019522777
carbon_fixation_assimilation,Carbon fixation / assimilation,core_marker,keep_initial,high,Waus8730.v1.chr14.g043590,-,6;8,3,28.9053,high,fructose-bisphosphate aldolase,High-evidence marker with top-five rank in at least one Wolffia Leiden cluster and interpretable annotation.,Strong ranked marker with interpretable annotation; keep for first-pass scoring unless manual review finds a problem.,,,Waus8730.v1.chr14.g043590,timepoint,dusk,5552,3.5914684577220037,0.985050432276657
carbon_fixation_assimilation,Carbon fixation / assimilation,core_marker,keep_initial,medium,Waus8730.v1.chr11.g023670,-,0;4;11,4,38.7658,high,"RuBisCO catalyzes two reactions the carboxylation of D- ribulose 1,5-bisphosphate, the primary event in carbon dioxide fixation, as well as the oxidative fragmentation of the pentose substrate. Both reactions occur simultaneously and in competition at the same",High-evidence marker with top-five rank in at least one Wolffia Leiden cluster and interpretable annotation.,Strong ranked marker with interpretable annotation; keep for first-pass scoring unless manual review finds a problem.,,,Waus8730.v1.chr11.g023670,all_cells,all_cells,11084,3.9316578347339783,0.9944965716347889
carbon_fixation_assimilation,Carbon fixation / assimilation,core_marker,keep_initial,medium,Waus8730.v1.chr11.g023670,-,0;4;11,4,38.7658,high,"RuBisCO catalyzes two reactions the carboxylation of D- ribulose 1,5-bisphosphate, the primary event in carbon dioxide fixation, as well as the oxidative fragmentation of the pentose substrate. Both reactions occur simultaneously and in competition at the same",High-evidence marker with top-five rank in at least one Wolffia Leiden cluster and interpretable annotation.,Strong ranked marker with interpretable annotation; keep for first-pass scoring unless manual review finds a problem.,,,Waus8730.v1.chr11.g023670,timepoint,dawn,5532,3.968119416740224,0.9920462762111352
carbon_fixation_assimilation,Carbon fixation / assimilation,core_marker,keep_initial,medium,Waus8730.v1.chr11.g023670,-,0;4;11,4,38.7658,high,"RuBisCO catalyzes two reactions the carboxylation of D- ribulose 1,5-bisphosphate, the primary event in carbon dioxide fixation, as well as the oxidative fragmentation of the pentose substrate. Both reactions occur simultaneously and in competition at the same",High-evidence marker with top-five rank in at least one Wolffia Leiden cluster and interpretable annotation.,Strong ranked marker with interpretable annotation; keep for first-pass scoring unless manual review finds a problem.,,,Waus8730.v1.chr11.g023670,timepoint,dusk,5552,3.895327598484241,0.9969380403458213
carbon_fixation_assimilation,Carbon fixation / assimilation,core_marker,keep_initial,medium,Waus8730.v1.chr11.g023640,-,0;11,4,28.0335,high,"RuBisCO catalyzes two reactions the carboxylation of D- ribulose 1,5-bisphosphate, the primary event in carbon dioxide fixation, as well as the oxidative fragmentation of the pentose substrate. Both reactions occur simultaneously and in competition at the same",High-evidence marker with top-five rank in at least one Wolffia Leiden cluster and interpretable annotation.,Strong ranked marker with interpretable annotation; keep for first-pass scoring unless manual review finds a problem.,,,Waus8730.v1.chr11.g023640,all_cells,all_cells,11084,6.057919772350523,0.9998195597257308
carbon_fixation_assimilation,Carbon fixation / assimilation,core_marker,keep_initial,medium,Waus8730.v1.chr11.g023640,-,0;11,4,28.0335,high,"RuBisCO catalyzes two reactions the carboxylation of D- ribulose 1,5-bisphosphate, the primary event in carbon dioxide fixation, as well as the oxidative fragmentation of the pentose substrate. Both reactions occur simultaneously and in competition at the same",High-evidence marker with top-five rank in at least one Wolffia Leiden cluster and interpretable annotation.,Strong ranked marker with interpretable annotation; keep for first-pass scoring unless manual review finds a problem.,,,Waus8730.v1.chr11.g023640,timepoint,dawn,5532,6.098333776646512,1.0
carbon_fixation_assimilation,Carbon fixation / assimilation,core_marker,keep_initial,medium,Waus8730.v1.chr11.g023640,-,0;11,4,28.0335,high,"RuBisCO catalyzes two reactions the carboxylation of D- ribulose 1,5-bisphosphate, the primary event in carbon dioxide fixation, as well as the oxidative fragmentation of the pentose substrate. Both reactions occur simultaneously and in competition at the same",High-evidence marker with top-five rank in at least one Wolffia Leiden cluster and interpretable annotation.,Strong ranked marker with interpretable annotation; keep for first-pass scoring unless manual review finds a problem.,,,Waus8730.v1.chr11.g023640,timepoint,dusk,5552,6.017651351643496,0.9996397694524496
carbon_fixation_assimilation,Carbon fixation / assimilation,core_marker,keep_initial,medium,Waus8730.v1.chr5.g116260,-,0;6,4,27.8803,high,"RuBisCO catalyzes two reactions the carboxylation of D- ribulose 1,5-bisphosphate, the primary event in carbon dioxide fixation, as well as the oxidative fragmentation of the pentose substrate. Both reactions occur simultaneously and in competition at the same",High-evidence marker with top-five rank in at least one Wolffia Leiden cluster and interpretable annotation.,Strong ranked marker with interpretable annotation; keep for first-pass scoring unless manual review finds a problem.,,,Waus8730.v1.chr5.g116260,all_cells,all_cells,11084,3.8425923077521813,0.9931432695777698
carbon_fixation_assimilation,Carbon fixation / assimilation,core_marker,keep_initial,medium,Waus8730.v1.chr5.g116260,-,0;6,4,27.8803,high,"RuBisCO catalyzes two reactions the carboxylation of D- ribulose 1,5-bisphosphate, the primary event in carbon dioxide fixation, as well as the oxidative fragmentation of the pentose substrate. Both reactions occur simultaneously and in competition at the same",High-evidence marker with top-five rank in at least one Wolffia Leiden cluster and interpretable annotation.,Strong ranked marker with interpretable annotation; keep for first-pass scoring unless manual review finds a problem.,,,Waus8730.v1.chr5.g116260,timepoint,dawn,5532,3.986770520603519,0.9936731742588576
carbon_fixation_assimilation,Carbon fixation / assimilation,core_marker,keep_initial,medium,Waus8730.v1.chr5.g116260,-,0;6,4,27.8803,high,"RuBisCO catalyzes two reactions the carboxylation of D- ribulose 1,5-bisphosphate, the primary event in carbon dioxide fixation, as well as the oxidative fragmentation of the pentose substrate. Both reactions occur simultaneously and in competition at the same",High-evidence marker with top-five rank in at least one Wolffia Leiden cluster and interpretable annotation.,Strong ranked marker with interpretable annotation; keep for first-pass scoring unless manual review finds a problem.,,,Waus8730.v1.chr5.g116260,timepoint,dusk,5552,3.698933468866445,0.9926152737752162
chloroplast_gene_expression,Chloroplast gene expression / plastid translation,core_marker,keep_initial,high,Waus8730.v1.chrC.g149170,rps8,1,1,52.2254,high,"One of the primary rRNA binding proteins, it binds directly to 16S rRNA central domain where it helps coordinate assembly of the platform of the 30S subunit",High-evidence marker with top-five rank in at least one Wolffia Leiden cluster and interpretable annotation.,Strong ranked marker with interpretable annotation; keep for first-pass scoring unless manual review finds a problem.,,,rps8|Waus8730.v1.chrC.g149170,all_cells,all_cells,11084,2.533945228925792,0.8520389750992422
chloroplast_gene_expression,Chloroplast gene expression / plastid translation,core_marker,keep_initial,high,Waus8730.v1.chrC.g149170,rps8,1,1,52.2254,high,"One of the primary rRNA binding proteins, it binds directly to 16S rRNA central domain where it helps coordinate assembly of the platform of the 30S subunit",High-evidence marker with top-five rank in at least one Wolffia Leiden cluster and interpretable annotation.,Strong ranked marker with interpretable annotation; keep for first-pass scoring unless manual review finds a problem.,,,rps8|Waus8730.v1.chrC.g149170,timepoint,dawn,5532,2.783772580419104,0.888647866955893
chloroplast_gene_expression,Chloroplast gene expression / plastid translation,core_marker,keep_initial,high,Waus8730.v1.chrC.g149170,rps8,1,1,52.2254,high,"One of the primary rRNA binding proteins, it binds directly to 16S rRNA central domain where it helps coordinate assembly of the platform of the 30S subunit",High-evidence marker with top-five rank in at least one Wolffia Leiden cluster and interpretable annotation.,Strong ranked marker with interpretable annotation; keep for first-pass scoring unless manual review finds a problem.,,,rps8|Waus8730.v1.chrC.g149170,timepoint,dusk,5552,2.285017831868696,0.8155619596541787
chloroplast_gene_expression,Chloroplast gene expression / plastid translation,core_marker,keep_initial,high,Waus8730.v1.chrC.g149180,rpoA,1,2,52.0804,high,"Bacterial RNA polymerase, alpha chain C terminal domain",High-evidence marker with top-five rank in at least one Wolffia Leiden cluster and interpretable annotation.,Strong ranked marker with interpretable annotation; keep for first-pass scoring unless manual review finds a problem.,,,rpoA|Waus8730.v1.chrC.g149180,all_cells,all_cells,11084,2.5425649226836966,0.8627751714182605
chloroplast_gene_expression,Chloroplast gene expression / plastid translation,core_marker,keep_initial,high,Waus8730.v1.chrC.g149180,rpoA,1,2,52.0804,high,"Bacterial RNA polymerase, alpha chain C terminal domain",High-evidence marker with top-five rank in at least one Wolffia Leiden cluster and interpretable annotation.,Strong ranked marker with interpretable annotation; keep for first-pass scoring unless manual review finds a problem.,,,rpoA|Waus8730.v1.chrC.g149180,timepoint,dawn,5532,2.7113209824888593,0.8920824295010846
chloroplast_gene_expression,Chloroplast gene expression / plastid translation,core_marker,keep_initial,high,Waus8730.v1.chrC.g149180,rpoA,1,2,52.0804,high,"Bacterial RNA polymerase, alpha chain C terminal domain",High-evidence marker with top-five rank in at least one Wolffia Leiden cluster and interpretable annotation.,Strong ranked marker with interpretable annotation; keep for first-pass scoring unless manual review finds a problem.,,,rpoA|Waus8730.v1.chrC.g149180,timepoint,dusk,5552,2.3744167737567947,0.8335734870317003
chloroplast_gene_expression,Chloroplast gene expression / plastid translation,core_marker,keep_initial,high,Waus8730.v1.chrC.g149550,ccsA,1,3,51.2945,high,Cytochrome c biogenesis protein CcsA,High-evidence marker with top-five rank in at least one Wolffia Leiden cluster and interpretable annotation.,Strong ranked marker with interpretable annotation; keep for first-pass scoring unless manual review finds a problem.,,,ccsA|Waus8730.v1.chrC.g149550,all_cells,all_cells,11084,2.345343810157008,0.8178455431252255
chloroplast_gene_expression,Chloroplast gene expression / plastid translation,core_marker,keep_initial,high,Waus8730.v1.chrC.g149550,ccsA,1,3,51.2945,high,Cytochrome c biogenesis protein CcsA,High-evidence marker with top-five rank in at least one Wolffia Leiden cluster and interpretable annotation.,Strong ranked marker with interpretable annotation; keep for first-pass scoring unless manual review finds a problem.,,,ccsA|Waus8730.v1.chrC.g149550,timepoint,dawn,5532,2.510237355527771,0.8407447577729573
chloroplast_gene_expression,Chloroplast gene expression / plastid translation,core_marker,keep_initial,high,Waus8730.v1.chrC.g149550,ccsA,1,3,51.2945,high,Cytochrome c biogenesis protein CcsA,High-evidence marker with top-five rank in at least one Wolffia Leiden cluster and interpretable annotation.,Strong ranked marker with interpretable annotation; keep for first-pass scoring unless manual review finds a problem.,,,ccsA|Waus8730.v1.chrC.g149550,timepoint,dusk,5552,2.181044261707609,0.795028818443804
chloroplast_gene_expression,Chloroplast gene expression / plastid translation,core_marker,keep_initial,medium,Waus8730.v1.chrC.g149300,atpB,1,4,51.2809,high,ATP synthase subunit beta,High-evidence marker with top-five rank in at least one Wolffia Leiden cluster and interpretable annotation.,Strong ranked marker with interpretable annotation; keep for first-pass scoring unless manual review finds a problem.,,,atpB|Waus8730.v1.chrC.g149300,all_cells,all_cells,11084,3.1028563449135294,0.91014074341393
chloroplast_gene_expression,Chloroplast gene expression / plastid translation,core_marker,keep_initial,medium,Waus8730.v1.chrC.g149300,atpB,1,4,51.2809,high,ATP synthase subunit beta,High-evidence marker with top-five rank in at least one Wolffia Leiden cluster and interpretable annotation.,Strong ranked marker with interpretable annotation; keep for first-pass scoring unless manual review finds a problem.,,,atpB|Waus8730.v1.chrC.g149300,timepoint,dawn,5532,3.290779108727428,0.9246203904555315
chloroplast_gene_expression,Chloroplast gene expression / plastid translation,core_marker,keep_initial,medium,Waus8730.v1.chrC.g149300,atpB,1,4,51.2809,high,ATP synthase subunit beta,High-evidence marker with top-five rank in at least one Wolffia Leiden cluster and interpretable annotation.,Strong ranked marker with interpretable annotation; keep for first-pass scoring unless manual review finds a problem.,,,atpB|Waus8730.v1.chrC.g149300,timepoint,dusk,5552,2.9156105363006892,0.8957132564841499
chloroplast_gene_expression,Chloroplast gene expression / plastid translation,core_marker,keep_initial,medium,Waus8730.v1.chrC.g149140,rps3,1,5,51.0409,high,Belongs to the universal ribosomal protein uS3 family,High-evidence marker with top-five rank in at least one Wolffia Leiden cluster and interpretable annotation.,Strong ranked marker with interpretable annotation; keep for first-pass scoring unless manual review finds a problem.,,,rps3|Waus8730.v1.chrC.g149140,all_cells,all_cells,11084,1.8992570114867293,0.7595633345362685
chloroplast_gene_expression,Chloroplast gene expression / plastid translation,core_marker,keep_initial,medium,Waus8730.v1.chrC.g149140,rps3,1,5,51.0409,high,Belongs to the universal ribosomal protein uS3 family,High-evidence marker with top-five rank in at least one Wolffia Leiden cluster and interpretable annotation.,Strong ranked marker with interpretable annotation; keep for first-pass scoring unless manual review finds a problem.,,,rps3|Waus8730.v1.chrC.g149140,timepoint,dawn,5532,2.096381528032349,0.8049530007230657
chloroplast_gene_expression,Chloroplast gene expression / plastid translation,core_marker,keep_initial,medium,Waus8730.v1.chrC.g149140,rps3,1,5,51.0409,high,Belongs to the universal ribosomal protein uS3 family,High-evidence marker with top-five rank in at least one Wolffia Leiden cluster and interpretable annotation.,Strong ranked marker with interpretable annotation; keep for first-pass scoring unless manual review finds a problem.,,,rps3|Waus8730.v1.chrC.g149140,timepoint,dusk,5552,1.7028425976664177,0.7143371757925072
chloroplast_gene_expression,Chloroplast gene expression / plastid translation,core_marker,keep_initial,medium,Waus8730.v1.chr1.g011900,-,3,5,38.9016,high,"Short-chain dehydrogenase TIC 32, chloroplastic-like",High-evidence marker with top-five rank in at least one Wolffia Leiden cluster and interpretable annotation.,Strong ranked marker with interpretable annotation; keep for first-pass scoring unless manual review finds a problem.,,,Waus8730.v1.chr1.g011900,all_cells,all_cells,11084,0.5392235036395719,0.3097257307831108
chloroplast_gene_expression,Chloroplast gene expression / plastid translation,core_marker,keep_initial,medium,Waus8730.v1.chr1.g011900,-,3,5,38.9016,high,"Short-chain dehydrogenase TIC 32, chloroplastic-like",High-evidence marker with top-five rank in at least one Wolffia Leiden cluster and interpretable annotation.,Strong ranked marker with interpretable annotation; keep for first-pass scoring unless manual review finds a problem.,,,Waus8730.v1.chr1.g011900,timepoint,dawn,5532,0.43383490663181956,0.2854302241503977
chloroplast_gene_expression,Chloroplast gene expression / plastid translation,core_marker,keep_initial,medium,Waus8730.v1.chr1.g011900,-,3,5,38.9016,high,"Short-chain dehydrogenase TIC 32, chloroplastic-like",High-evidence marker with top-five rank in at least one Wolffia Leiden cluster and interpretable annotation.,Strong ranked marker with interpretable annotation; keep for first-pass scoring unless manual review finds a problem.,,,Waus8730.v1.chr1.g011900,timepoint,dusk,5552,0.6442324587272676,0.3339337175792507
chloroplast_gene_expression,Chloroplast gene expression / plastid translation,supporting_marker,supporting_review,medium,Waus8730.v1.chrC.g149640,ycf1,1,6,50.2663,medium,Involved in protein precursor import into chloroplasts. May be part of an intermediate translocation complex acting as a protein-conducting channel at the inner envelope,High- or medium-evidence marker within the top-eight ranks; useful as supporting evidence for this candidate program.,"Useful supporting marker, but should be checked manually before being treated as a core program marker.",,,ycf1|Waus8730.v1.chrC.g149640,all_cells,all_cells,11084,2.296050929551125,0.8098159509202454
chloroplast_gene_expression,Chloroplast gene expression / plastid translation,supporting_marker,supporting_review,medium,Waus8730.v1.chrC.g149640,ycf1,1,6,50.2663,medium,Involved in protein precursor import into chloroplasts. May be part of an intermediate translocation complex acting as a protein-conducting channel at the inner envelope,High- or medium-evidence marker within the top-eight ranks; useful as supporting evidence for this candidate program.,"Useful supporting marker, but should be checked manually before being treated as a core program marker.",,,ycf1|Waus8730.v1.chrC.g149640,timepoint,dawn,5532,2.619609557692555,0.8544830079537238
chloroplast_gene_expression,Chloroplast gene expression / plastid translation,supporting_marker,supporting_review,medium,Waus8730.v1.chrC.g149640,ycf1,1,6,50.2663,medium,Involved in protein precursor import into chloroplasts. May be part of an intermediate translocation complex acting as a protein-conducting channel at the inner envelope,High- or medium-evidence marker within the top-eight ranks; useful as supporting evidence for this candidate program.,"Useful supporting marker, but should be checked manually before being treated as a core program marker.",,,ycf1|Waus8730.v1.chrC.g149640,timepoint,dusk,5552,1.9736578584274964,0.7653097982708934
chloroplast_gene_expression,Chloroplast gene expression / plastid translation,supporting_marker,supporting_review,medium,Waus8730.v1.chrC.g149220,clpP,1,7,49.8573,medium,ATP-dependent Clp protease proteolytic,High- or medium-evidence marker within the top-eight ranks; useful as supporting evidence for this candidate program.,"Useful supporting marker, but should be checked manually before being treated as a core program marker.",,,clpP|Waus8730.v1.chrC.g149220,all_cells,all_cells,11084,1.611187655661998,0.7011909058101768
chloroplast_gene_expression,Chloroplast gene expression / plastid translation,supporting_marker,supporting_review,medium,Waus8730.v1.chrC.g149220,clpP,1,7,49.8573,medium,ATP-dependent Clp protease proteolytic,High- or medium-evidence marker within the top-eight ranks; useful as supporting evidence for this candidate program.,"Useful supporting marker, but should be checked manually before being treated as a core program marker.",,,clpP|Waus8730.v1.chrC.g149220,timepoint,dawn,5532,1.791720425653755,0.7481923355025307
chloroplast_gene_expression,Chloroplast gene expression / plastid translation,supporting_marker,supporting_review,medium,Waus8730.v1.chrC.g149220,clpP,1,7,49.8573,medium,ATP-dependent Clp protease proteolytic,High- or medium-evidence marker within the top-eight ranks; useful as supporting evidence for this candidate program.,"Useful supporting marker, but should be checked manually before being treated as a core program marker.",,,clpP|Waus8730.v1.chrC.g149220,timepoint,dusk,5552,1.4313052198560905,0.6543587896253602
ion_water_balance,Ion / water balance,core_marker,keep_initial,high,Waus8730.v1.chr12.g027290,-,5,1,38.4052,high,Belongs to the MIP aquaporin (TC 1.A.8) family,High-evidence marker with top-five rank in at least one Wolffia Leiden cluster and interpretable annotation.,Strong ranked marker with interpretable annotation; keep for first-pass scoring unless manual review finds a problem.,,,Waus8730.v1.chr12.g027290,all_cells,all_cells,11084,2.5008253665419744,0.8391374954889932
ion_water_balance,Ion / water balance,core_marker,keep_initial,high,Waus8730.v1.chr12.g027290,-,5,1,38.4052,high,Belongs to the MIP aquaporin (TC 1.A.8) family,High-evidence marker with top-five rank in at least one Wolffia Leiden cluster and interpretable annotation.,Strong ranked marker with interpretable annotation; keep for first-pass scoring unless manual review finds a problem.,,,Waus8730.v1.chr12.g027290,timepoint,dawn,5532,2.8239793985025354,0.8821402747650036
ion_water_balance,Ion / water balance,core_marker,keep_initial,high,Waus8730.v1.chr12.g027290,-,5,1,38.4052,high,Belongs to the MIP aquaporin (TC 1.A.8) family,High-evidence marker with top-five rank in at least one Wolffia Leiden cluster and interpretable annotation.,Strong ranked marker with interpretable annotation; keep for first-pass scoring unless manual review finds a problem.,,,Waus8730.v1.chr12.g027290,timepoint,dusk,5552,2.178835434120177,0.7962896253602305
ion_water_balance,Ion / water balance,core_marker,keep_initial,high,Waus8730.v1.chr5.g111250,-,5,2,38.3184,high,Belongs to the MIP aquaporin (TC 1.A.8) family,High-evidence marker with top-five rank in at least one Wolffia Leiden cluster and interpretable annotation.,Strong ranked marker with interpretable annotation; keep for first-pass scoring unless manual review finds a problem.,,,Waus8730.v1.chr5.g111250,all_cells,all_cells,11084,3.4747014969671137,0.952995308552869
ion_water_balance,Ion / water balance,core_marker,keep_initial,high,Waus8730.v1.chr5.g111250,-,5,2,38.3184,high,Belongs to the MIP aquaporin (TC 1.A.8) family,High-evidence marker with top-five rank in at least one Wolffia Leiden cluster and interpretable annotation.,Strong ranked marker with interpretable annotation; keep for first-pass scoring unless manual review finds a problem.,,,Waus8730.v1.chr5.g111250,timepoint,dawn,5532,3.459569324112655,0.9463123644251626
ion_water_balance,Ion / water balance,core_marker,keep_initial,high,Waus8730.v1.chr5.g111250,-,5,2,38.3184,high,Belongs to the MIP aquaporin (TC 1.A.8) family,High-evidence marker with top-five rank in at least one Wolffia Leiden cluster and interpretable annotation.,Strong ranked marker with interpretable annotation; keep for first-pass scoring unless manual review finds a problem.,,,Waus8730.v1.chr5.g111250,timepoint,dusk,5552,3.4897791591124423,0.9596541786743515
ion_water_balance,Ion / water balance,core_marker,keep_initial,medium,Waus8730.v1.chr1.g013300,-,5,4,34.2919,high,Belongs to the MIP aquaporin (TC 1.A.8) family,High-evidence marker with top-five rank in at least one Wolffia Leiden cluster and interpretable annotation.,Strong ranked marker with interpretable annotation; keep for first-pass scoring unless manual review finds a problem.,,,Waus8730.v1.chr1.g013300,all_cells,all_cells,11084,2.6388912504511453,0.8551064597618189
ion_water_balance,Ion / water balance,core_marker,keep_initial,medium,Waus8730.v1.chr1.g013300,-,5,4,34.2919,high,Belongs to the MIP aquaporin (TC 1.A.8) family,High-evidence marker with top-five rank in at least one Wolffia Leiden cluster and interpretable annotation.,Strong ranked marker with interpretable annotation; keep for first-pass scoring unless manual review finds a problem.,,,Waus8730.v1.chr1.g013300,timepoint,dawn,5532,2.822670934762773,0.8731019522776573
ion_water_balance,Ion / water balance,core_marker,keep_initial,medium,Waus8730.v1.chr1.g013300,-,5,4,34.2919,high,Belongs to the MIP aquaporin (TC 1.A.8) family,High-evidence marker with top-five rank in at least one Wolffia Leiden cluster and interpretable annotation.,Strong ranked marker with interpretable annotation; keep for first-pass scoring unless manual review finds a problem.,,,Waus8730.v1.chr1.g013300,timepoint,dusk,5552,2.455773596702599,0.8371757925072046
ion_water_balance,Ion / water balance,core_marker,keep_initial,medium,Waus8730.v1.chr14.g044450,HAK5,14,5,9.3193,high,Potassium transporter,High-evidence marker with top-five rank in at least one Wolffia Leiden cluster and interpretable annotation.,Strong ranked marker with interpretable annotation; keep for first-pass scoring unless manual review finds a problem.,,,HAK5|Waus8730.v1.chr14.g044450,all_cells,all_cells,11084,0.0753663210136514,0.07343919162757127
ion_water_balance,Ion / water balance,core_marker,keep_initial,medium,Waus8730.v1.chr14.g044450,HAK5,14,5,9.3193,high,Potassium transporter,High-evidence marker with top-five rank in at least one Wolffia Leiden cluster and interpretable annotation.,Strong ranked marker with interpretable annotation; keep for first-pass scoring unless manual review finds a problem.,,,HAK5|Waus8730.v1.chr14.g044450,timepoint,dawn,5532,0.11997624495520672,0.11099060014461316
ion_water_balance,Ion / water balance,core_marker,keep_initial,medium,Waus8730.v1.chr14.g044450,HAK5,14,5,9.3193,high,Potassium transporter,High-evidence marker with top-five rank in at least one Wolffia Leiden cluster and interpretable annotation.,Strong ranked marker with interpretable annotation; keep for first-pass scoring unless manual review finds a problem.,,,HAK5|Waus8730.v1.chr14.g044450,timepoint,dusk,5552,0.030917095645372598,0.03602305475504323
ion_water_balance,Ion / water balance,supporting_marker,supporting_review,medium,Waus8730.v1.chr1.g008530,-,9,6,35.5074,medium,plasma membrane ATPase,High- or medium-evidence marker within the top-eight ranks; useful as supporting evidence for this candidate program.,"Useful supporting marker, but should be checked manually before being treated as a core program marker.",,,Waus8730.v1.chr1.g008530,all_cells,all_cells,11084,1.392159445499181,0.6273908336340671
ion_water_balance,Ion / water balance,supporting_marker,supporting_review,medium,Waus8730.v1.chr1.g008530,-,9,6,35.5074,medium,plasma membrane ATPase,High- or medium-evidence marker within the top-eight ranks; useful as supporting evidence for this candidate program.,"Useful supporting marker, but should be checked manually before being treated as a core program marker.",,,Waus8730.v1.chr1.g008530,timepoint,dawn,5532,1.4241877197770743,0.6545553145336226
ion_water_balance,Ion / water balance,supporting_marker,supporting_review,medium,Waus8730.v1.chr1.g008530,-,9,6,35.5074,medium,plasma membrane ATPase,High- or medium-evidence marker within the top-eight ranks; useful as supporting evidence for this candidate program.,"Useful supporting marker, but should be checked manually before being treated as a core program marker.",,,Waus8730.v1.chr1.g008530,timepoint,dusk,5552,1.3602465468490896,0.6003242074927954
ion_water_balance,Ion / water balance,supporting_marker,supporting_review,medium,Waus8730.v1.chr5.g111340,TIP4-3,5,6,32.2176,medium,Belongs to the MIP aquaporin (TC 1.A.8) family,High- or medium-evidence marker within the top-eight ranks; useful as supporting evidence for this candidate program.,"Useful supporting marker, but should be checked manually before being treated as a core program marker.",,,TIP4-3|Waus8730.v1.chr5.g111340,all_cells,all_cells,11084,0.3639129637369837,0.22573078311079034
ion_water_balance,Ion / water balance,supporting_marker,supporting_review,medium,Waus8730.v1.chr5.g111340,TIP4-3,5,6,32.2176,medium,Belongs to the MIP aquaporin (TC 1.A.8) family,High- or medium-evidence marker within the top-eight ranks; useful as supporting evidence for this candidate program.,"Useful supporting marker, but should be checked manually before being treated as a core program marker.",,,TIP4-3|Waus8730.v1.chr5.g111340,timepoint,dawn,5532,0.31070233841114053,0.2118582791033984
ion_water_balance,Ion / water balance,supporting_marker,supporting_review,medium,Waus8730.v1.chr5.g111340,TIP4-3,5,6,32.2176,medium,Belongs to the MIP aquaporin (TC 1.A.8) family,High- or medium-evidence marker within the top-eight ranks; useful as supporting evidence for this candidate program.,"Useful supporting marker, but should be checked manually before being treated as a core program marker.",,,TIP4-3|Waus8730.v1.chr5.g111340,timepoint,dusk,5552,0.41693190813586045,0.23955331412103748
ion_water_balance,Ion / water balance,supporting_marker,supporting_review,medium,Waus8730.v1.chr18.g069540,-,14,6,9.242,medium,Sodium/hydrogen exchanger family,High- or medium-evidence marker within the top-eight ranks; useful as supporting evidence for this candidate program.,"Useful supporting marker, but should be checked manually before being treated as a core program marker.",,,Waus8730.v1.chr18.g069540,all_cells,all_cells,11084,0.011824874641558899,0.009202453987730062
ion_water_balance,Ion / water balance,supporting_marker,supporting_review,medium,Waus8730.v1.chr18.g069540,-,14,6,9.242,medium,Sodium/hydrogen exchanger family,High- or medium-evidence marker within the top-eight ranks; useful as supporting evidence for this candidate program.,"Useful supporting marker, but should be checked manually before being treated as a core program marker.",,,Waus8730.v1.chr18.g069540,timepoint,dawn,5532,0.010697248418653025,0.009219088937093275
ion_water_balance,Ion / water balance,supporting_marker,supporting_review,medium,Waus8730.v1.chr18.g069540,-,14,6,9.242,medium,Sodium/hydrogen exchanger family,High- or medium-evidence marker within the top-eight ranks; useful as supporting evidence for this candidate program.,"Useful supporting marker, but should be checked manually before being treated as a core program marker.",,,Waus8730.v1.chr18.g069540,timepoint,dusk,5552,0.012948438810347676,0.009185878962536023
lipid_surface_cell_wall,Lipid / surface / cell-wall biology,core_marker,keep_initial,high,Waus8730.v1.chr1.g003300,-,3,1,43.6534,high,Belongs to the Casparian strip membrane proteins (CASP) family,High-evidence marker with top-five rank in at least one Wolffia Leiden cluster and interpretable annotation.,Strong ranked marker with interpretable annotation; keep for first-pass scoring unless manual review finds a problem.,,,Waus8730.v1.chr1.g003300,all_cells,all_cells,11084,0.9539104083049149,0.5026163839769037
lipid_surface_cell_wall,Lipid / surface / cell-wall biology,core_marker,keep_initial,high,Waus8730.v1.chr1.g003300,-,3,1,43.6534,high,Belongs to the Casparian strip membrane proteins (CASP) family,High-evidence marker with top-five rank in at least one Wolffia Leiden cluster and interpretable annotation.,Strong ranked marker with interpretable annotation; keep for first-pass scoring unless manual review finds a problem.,,,Waus8730.v1.chr1.g003300,timepoint,dawn,5532,0.647846500219049,0.43998553868402024
lipid_surface_cell_wall,Lipid / surface / cell-wall biology,core_marker,keep_initial,high,Waus8730.v1.chr1.g003300,-,3,1,43.6534,high,Belongs to the Casparian strip membrane proteins (CASP) family,High-evidence marker with top-five rank in at least one Wolffia Leiden cluster and interpretable annotation.,Strong ranked marker with interpretable annotation; keep for first-pass scoring unless manual review finds a problem.,,,Waus8730.v1.chr1.g003300,timepoint,dusk,5552,1.258871780698829,0.565021613832853
lipid_surface_cell_wall,Lipid / surface / cell-wall biology,core_marker,keep_initial,high,Waus8730.v1.chr9.g145240,-,7;8;9;13,1,37.1226,high,Plant non-specific lipid-transfer proteins transfer phospholipids as well as galactolipids across membranes. May play a role in wax or cutin deposition in the cell walls of expanding epidermal cells and certain secretory tissues,High-evidence marker with top-five rank in at least one Wolffia Leiden cluster and interpretable annotation.,Strong ranked marker with interpretable annotation; keep for first-pass scoring unless manual review finds a problem.,,,Waus8730.v1.chr9.g145240,all_cells,all_cells,11084,3.335968233781995,0.9208769397329484
lipid_surface_cell_wall,Lipid / surface / cell-wall biology,core_marker,keep_initial,high,Waus8730.v1.chr9.g145240,-,7;8;9;13,1,37.1226,high,Plant non-specific lipid-transfer proteins transfer phospholipids as well as galactolipids across membranes. May play a role in wax or cutin deposition in the cell walls of expanding epidermal cells and certain secretory tissues,High-evidence marker with top-five rank in at least one Wolffia Leiden cluster and interpretable annotation.,Strong ranked marker with interpretable annotation; keep for first-pass scoring unless manual review finds a problem.,,,Waus8730.v1.chr9.g145240,timepoint,dawn,5532,3.294501075341021,0.9204627621113521
lipid_surface_cell_wall,Lipid / surface / cell-wall biology,core_marker,keep_initial,high,Waus8730.v1.chr9.g145240,-,7;8;9;13,1,37.1226,high,Plant non-specific lipid-transfer proteins transfer phospholipids as well as galactolipids across membranes. May play a role in wax or cutin deposition in the cell walls of expanding epidermal cells and certain secretory tissues,High-evidence marker with top-five rank in at least one Wolffia Leiden cluster and interpretable annotation.,Strong ranked marker with interpretable annotation; keep for first-pass scoring unless manual review finds a problem.,,,Waus8730.v1.chr9.g145240,timepoint,dusk,5552,3.3772860148510637,0.9212896253602305
lipid_surface_cell_wall,Lipid / surface / cell-wall biology,core_marker,keep_initial,high,Waus8730.v1.chr16.g057130,-,2,2,49.7493,high,3-ketoacyl-coa synthase,High-evidence marker with top-five rank in at least one Wolffia Leiden cluster and interpretable annotation.,Strong ranked marker with interpretable annotation; keep for first-pass scoring unless manual review finds a problem.,,,Waus8730.v1.chr16.g057130,all_cells,all_cells,11084,1.2633591090383536,0.47401660050523275
lipid_surface_cell_wall,Lipid / surface / cell-wall biology,core_marker,keep_initial,high,Waus8730.v1.chr16.g057130,-,2,2,49.7493,high,3-ketoacyl-coa synthase,High-evidence marker with top-five rank in at least one Wolffia Leiden cluster and interpretable annotation.,Strong ranked marker with interpretable annotation; keep for first-pass scoring unless manual review finds a problem.,,,Waus8730.v1.chr16.g057130,timepoint,dawn,5532,1.4829598570416156,0.5178958785249458
lipid_surface_cell_wall,Lipid / surface / cell-wall biology,core_marker,keep_initial,high,Waus8730.v1.chr16.g057130,-,2,2,49.7493,high,3-ketoacyl-coa synthase,High-evidence marker with top-five rank in at least one Wolffia Leiden cluster and interpretable annotation.,Strong ranked marker with interpretable annotation; keep for first-pass scoring unless manual review finds a problem.,,,Waus8730.v1.chr16.g057130,timepoint,dusk,5552,1.0445494300120486,0.43029538904899134
lipid_surface_cell_wall,Lipid / surface / cell-wall biology,core_marker,keep_initial,high,Waus8730.v1.chr15.g053470,-,3,2,39.2811,high,O-acyltransferase (WSD1-like),High-evidence marker with top-five rank in at least one Wolffia Leiden cluster and interpretable annotation.,Strong ranked marker with interpretable annotation; keep for first-pass scoring unless manual review finds a problem.,,,Waus8730.v1.chr15.g053470,all_cells,all_cells,11084,0.3482846858348354,0.16916275712739084
lipid_surface_cell_wall,Lipid / surface / cell-wall biology,core_marker,keep_initial,high,Waus8730.v1.chr15.g053470,-,3,2,39.2811,high,O-acyltransferase (WSD1-like),High-evidence marker with top-five rank in at least one Wolffia Leiden cluster and interpretable annotation.,Strong ranked marker with interpretable annotation; keep for first-pass scoring unless manual review finds a problem.,,,Waus8730.v1.chr15.g053470,timepoint,dawn,5532,0.28719401866015,0.1527476500361533
lipid_surface_cell_wall,Lipid / surface / cell-wall biology,core_marker,keep_initial,high,Waus8730.v1.chr15.g053470,-,3,2,39.2811,high,O-acyltransferase (WSD1-like),High-evidence marker with top-five rank in at least one Wolffia Leiden cluster and interpretable annotation.,Strong ranked marker with interpretable annotation; keep for first-pass scoring unless manual review finds a problem.,,,Waus8730.v1.chr15.g053470,timepoint,dusk,5552,0.40915528576465526,0.18551873198847263
lipid_surface_cell_wall,Lipid / surface / cell-wall biology,core_marker,keep_initial,medium,Waus8730.v1.chr14.g045910,-,9;13,4,36.3972,high,Belongs to the sterol desaturase family,High-evidence marker with top-five rank in at least one Wolffia Leiden cluster and interpretable annotation.,Strong ranked marker with interpretable annotation; keep for first-pass scoring unless manual review finds a problem.,,,Waus8730.v1.chr14.g045910,all_cells,all_cells,11084,0.46201182745297437,0.20967159870083002
lipid_surface_cell_wall,Lipid / surface / cell-wall biology,core_marker,keep_initial,medium,Waus8730.v1.chr14.g045910,-,9;13,4,36.3972,high,Belongs to the sterol desaturase family,High-evidence marker with top-five rank in at least one Wolffia Leiden cluster and interpretable annotation.,Strong ranked marker with interpretable annotation; keep for first-pass scoring unless manual review finds a problem.,,,Waus8730.v1.chr14.g045910,timepoint,dawn,5532,0.5030294156928916,0.22234273318872017
lipid_surface_cell_wall,Lipid / surface / cell-wall biology,core_marker,keep_initial,medium,Waus8730.v1.chr14.g045910,-,9;13,4,36.3972,high,Belongs to the sterol desaturase family,High-evidence marker with top-five rank in at least one Wolffia Leiden cluster and interpretable annotation.,Strong ranked marker with interpretable annotation; keep for first-pass scoring unless manual review finds a problem.,,,Waus8730.v1.chr14.g045910,timepoint,dusk,5552,0.4211419970957658,0.19704610951008644
lipid_surface_cell_wall,Lipid / surface / cell-wall biology,core_marker,keep_initial,medium,Waus8730.v1.chr15.g053070,-,12,4,17.9614,high,Belongs to the glycosyltransferase 8 family,High-evidence marker with top-five rank in at least one Wolffia Leiden cluster and interpretable annotation.,Strong ranked marker with interpretable annotation; keep for first-pass scoring unless manual review finds a problem.,,,Waus8730.v1.chr15.g053070,all_cells,all_cells,11084,0.793261730532541,0.43350775893179355
lipid_surface_cell_wall,Lipid / surface / cell-wall biology,core_marker,keep_initial,medium,Waus8730.v1.chr15.g053070,-,12,4,17.9614,high,Belongs to the glycosyltransferase 8 family,High-evidence marker with top-five rank in at least one Wolffia Leiden cluster and interpretable annotation.,Strong ranked marker with interpretable annotation; keep for first-pass scoring unless manual review finds a problem.,,,Waus8730.v1.chr15.g053070,timepoint,dawn,5532,0.5914898211325913,0.36532899493853943
lipid_surface_cell_wall,Lipid / surface / cell-wall biology,core_marker,keep_initial,medium,Waus8730.v1.chr15.g053070,-,12,4,17.9614,high,Belongs to the glycosyltransferase 8 family,High-evidence marker with top-five rank in at least one Wolffia Leiden cluster and interpretable annotation.,Strong ranked marker with interpretable annotation; keep for first-pass scoring unless manual review finds a problem.,,,Waus8730.v1.chr15.g053070,timepoint,dusk,5552,0.9943067958784564,0.5014409221902018
lipid_surface_cell_wall,Lipid / surface / cell-wall biology,core_marker,keep_initial,medium,Waus8730.v1.chr14.g045920,-,7;9;13,5,36.1962,high,Belongs to the sterol desaturase family,High-evidence marker with top-five rank in at least one Wolffia Leiden cluster and interpretable annotation.,Strong ranked marker with interpretable annotation; keep for first-pass scoring unless manual review finds a problem.,,,Waus8730.v1.chr14.g045920,all_cells,all_cells,11084,0.6386935919008979,0.25694695055936484
lipid_surface_cell_wall,Lipid / surface / cell-wall biology,core_marker,keep_initial,medium,Waus8730.v1.chr14.g045920,-,7;9;13,5,36.1962,high,Belongs to the sterol desaturase family,High-evidence marker with top-five rank in at least one Wolffia Leiden cluster and interpretable annotation.,Strong ranked marker with interpretable annotation; keep for first-pass scoring unless manual review finds a problem.,,,Waus8730.v1.chr14.g045920,timepoint,dawn,5532,0.6270687393073959,0.25958062183658714
lipid_surface_cell_wall,Lipid / surface / cell-wall biology,core_marker,keep_initial,medium,Waus8730.v1.chr14.g045920,-,7;9;13,5,36.1962,high,Belongs to the sterol desaturase family,High-evidence marker with top-five rank in at least one Wolffia Leiden cluster and interpretable annotation.,Strong ranked marker with interpretable annotation; keep for first-pass scoring unless manual review finds a problem.,,,Waus8730.v1.chr14.g045920,timepoint,dusk,5552,0.6502765682242502,0.2543227665706052
lipid_surface_cell_wall,Lipid / surface / cell-wall biology,supporting_marker,supporting_review,medium,Waus8730.v1.chr15.g049100,-,12,6,16.9095,medium,"Catalyzes xyloglucan endohydrolysis (XEH) and or endotransglycosylation (XET). Cleaves and religates xyloglucan polymers, an essential constituent of the primary cell wall, and thereby participates in cell wall construction of growing tissues",High- or medium-evidence marker within the top-eight ranks; useful as supporting evidence for this candidate program.,"Useful supporting marker, but should be checked manually before being treated as a core program marker.",,,Waus8730.v1.chr15.g049100,all_cells,all_cells,11084,1.0352396211074162,0.4880909418982317
lipid_surface_cell_wall,Lipid / surface / cell-wall biology,supporting_marker,supporting_review,medium,Waus8730.v1.chr15.g049100,-,12,6,16.9095,medium,"Catalyzes xyloglucan endohydrolysis (XEH) and or endotransglycosylation (XET). Cleaves and religates xyloglucan polymers, an essential constituent of the primary cell wall, and thereby participates in cell wall construction of growing tissues",High- or medium-evidence marker within the top-eight ranks; useful as supporting evidence for this candidate program.,"Useful supporting marker, but should be checked manually before being treated as a core program marker.",,,Waus8730.v1.chr15.g049100,timepoint,dawn,5532,0.8823926457505128,0.45191612436731743
lipid_surface_cell_wall,Lipid / surface / cell-wall biology,supporting_marker,supporting_review,medium,Waus8730.v1.chr15.g049100,-,12,6,16.9095,medium,"Catalyzes xyloglucan endohydrolysis (XEH) and or endotransglycosylation (XET). Cleaves and religates xyloglucan polymers, an essential constituent of the primary cell wall, and thereby participates in cell wall construction of growing tissues",High- or medium-evidence marker within the top-eight ranks; useful as supporting evidence for this candidate program.,"Useful supporting marker, but should be checked manually before being treated as a core program marker.",,,Waus8730.v1.chr15.g049100,timepoint,dusk,5552,1.1875359949680766,0.524135446685879
nutrient_transport,Nutrient transport,core_marker,keep_initial,high,Waus8730.v1.chr7.g132050,NAR2.2,7;9,2,40.6439,high,High affinity nitrate transporter,High-evidence marker with top-five rank in at least one Wolffia Leiden cluster and interpretable annotation.,Strong ranked marker with interpretable annotation; keep for first-pass scoring unless manual review finds a problem.,,,NAR2.2|Waus8730.v1.chr7.g132050,all_cells,all_cells,11084,1.5730025295028751,0.6602309635510646
nutrient_transport,Nutrient transport,core_marker,keep_initial,high,Waus8730.v1.chr7.g132050,NAR2.2,7;9,2,40.6439,high,High affinity nitrate transporter,High-evidence marker with top-five rank in at least one Wolffia Leiden cluster and interpretable annotation.,Strong ranked marker with interpretable annotation; keep for first-pass scoring unless manual review finds a problem.,,,NAR2.2|Waus8730.v1.chr7.g132050,timepoint,dawn,5532,1.293852887235532,0.6229211858279103
nutrient_transport,Nutrient transport,core_marker,keep_initial,high,Waus8730.v1.chr7.g132050,NAR2.2,7;9,2,40.6439,high,High affinity nitrate transporter,High-evidence marker with top-five rank in at least one Wolffia Leiden cluster and interpretable annotation.,Strong ranked marker with interpretable annotation; keep for first-pass scoring unless manual review finds a problem.,,,NAR2.2|Waus8730.v1.chr7.g132050,timepoint,dusk,5552,1.851146589485393,0.6974063400576369
nutrient_transport,Nutrient transport,core_marker,keep_initial,high,Waus8730.v1.chr12.g028590,-,7,3,40.4727,high,Inorganic phosphate transporter,High-evidence marker with top-five rank in at least one Wolffia Leiden cluster and interpretable annotation.,Strong ranked marker with interpretable annotation; keep for first-pass scoring unless manual review finds a problem.,,,Waus8730.v1.chr12.g028590,all_cells,all_cells,11084,0.443491303396325,0.2190544929628293
nutrient_transport,Nutrient transport,core_marker,keep_initial,high,Waus8730.v1.chr12.g028590,-,7,3,40.4727,high,Inorganic phosphate transporter,High-evidence marker with top-five rank in at least one Wolffia Leiden cluster and interpretable annotation.,Strong ranked marker with interpretable annotation; keep for first-pass scoring unless manual review finds a problem.,,,Waus8730.v1.chr12.g028590,timepoint,dawn,5532,0.26956370824093256,0.16377440347071584
nutrient_transport,Nutrient transport,core_marker,keep_initial,high,Waus8730.v1.chr12.g028590,-,7,3,40.4727,high,Inorganic phosphate transporter,High-evidence marker with top-five rank in at least one Wolffia Leiden cluster and interpretable annotation.,Strong ranked marker with interpretable annotation; keep for first-pass scoring unless manual review finds a problem.,,,Waus8730.v1.chr12.g028590,timepoint,dusk,5552,0.6167923582233478,0.27413544668587897
nutrient_transport,Nutrient transport,core_marker,keep_initial,medium,Waus8730.v1.chr4.g099300,NRT2.3,7,5,39.273,high,high affinity nitrate transporter,High-evidence marker with top-five rank in at least one Wolffia Leiden cluster and interpretable annotation.,Strong ranked marker with interpretable annotation; keep for first-pass scoring unless manual review finds a problem.,,,NRT2.3|Waus8730.v1.chr4.g099300,all_cells,all_cells,11084,0.5512773064059633,0.24494767232046194
nutrient_transport,Nutrient transport,core_marker,keep_initial,medium,Waus8730.v1.chr4.g099300,NRT2.3,7,5,39.273,high,high affinity nitrate transporter,High-evidence marker with top-five rank in at least one Wolffia Leiden cluster and interpretable annotation.,Strong ranked marker with interpretable annotation; keep for first-pass scoring unless manual review finds a problem.,,,NRT2.3|Waus8730.v1.chr4.g099300,timepoint,dawn,5532,0.3772622453462225,0.19757772957339118
nutrient_transport,Nutrient transport,core_marker,keep_initial,medium,Waus8730.v1.chr4.g099300,NRT2.3,7,5,39.273,high,high affinity nitrate transporter,High-evidence marker with top-five rank in at least one Wolffia Leiden cluster and interpretable annotation.,Strong ranked marker with interpretable annotation; keep for first-pass scoring unless manual review finds a problem.,,,NRT2.3|Waus8730.v1.chr4.g099300,timepoint,dusk,5552,0.7246655120584283,0.29214697406340057
nutrient_transport,Nutrient transport,supporting_marker,supporting_review,medium,Waus8730.v1.chr16.g056580,-,7,6,37.2033,medium,glutamine synthetase,High- or medium-evidence marker within the top-eight ranks; useful as supporting evidence for this candidate program.,"Useful supporting marker, but should be checked manually before being treated as a core program marker.",,,Waus8730.v1.chr16.g056580,all_cells,all_cells,11084,1.2531571033668194,0.5872428726091664
nutrient_transport,Nutrient transport,supporting_marker,supporting_review,medium,Waus8730.v1.chr16.g056580,-,7,6,37.2033,medium,glutamine synthetase,High- or medium-evidence marker within the top-eight ranks; useful as supporting evidence for this candidate program.,"Useful supporting marker, but should be checked manually before being treated as a core program marker.",,,Waus8730.v1.chr16.g056580,timepoint,dawn,5532,0.9393317813126746,0.5253073029645697
nutrient_transport,Nutrient transport,supporting_marker,supporting_review,medium,Waus8730.v1.chr16.g056580,-,7,6,37.2033,medium,glutamine synthetase,High- or medium-evidence marker within the top-eight ranks; useful as supporting evidence for this candidate program.,"Useful supporting marker, but should be checked manually before being treated as a core program marker.",,,Waus8730.v1.chr16.g056580,timepoint,dusk,5552,1.5658519307449765,0.6489553314121037
nutrient_transport,Nutrient transport,supporting_marker,supporting_review,medium,Waus8730.v1.chr13.g034020,-,9,8,35.3464,medium,sulfate transporter,High- or medium-evidence marker within the top-eight ranks; useful as supporting evidence for this candidate program.,"Useful supporting marker, but should be checked manually before being treated as a core program marker.",,,Waus8730.v1.chr13.g034020,all_cells,all_cells,11084,0.4518618444043872,0.20660411403825335
nutrient_transport,Nutrient transport,supporting_marker,supporting_review,medium,Waus8730.v1.chr13.g034020,-,9,8,35.3464,medium,sulfate transporter,High- or medium-evidence marker within the top-eight ranks; useful as supporting evidence for this candidate program.,"Useful supporting marker, but should be checked manually before being treated as a core program marker.",,,Waus8730.v1.chr13.g034020,timepoint,dawn,5532,0.4569465501068806,0.2105929139551699
nutrient_transport,Nutrient transport,supporting_marker,supporting_review,medium,Waus8730.v1.chr13.g034020,-,9,8,35.3464,medium,sulfate transporter,High- or medium-evidence marker within the top-eight ranks; useful as supporting evidence for this candidate program.,"Useful supporting marker, but should be checked manually before being treated as a core program marker.",,,Waus8730.v1.chr13.g034020,timepoint,dusk,5552,0.4467954553650872,0.20262968299711814
photosynthesis_light_harvesting,Photosynthesis / light harvesting,core_marker,keep_initial,high,Waus8730.v1.chr5.g115190,-,6;8,1,29.8563,high,"The light-harvesting complex (LHC) functions as a light receptor, it captures and delivers excitation energy to photosystems with which it is closely associated",High-evidence marker with top-five rank in at least one Wolffia Leiden cluster and interpretable annotation.,Strong ranked marker with interpretable annotation; keep for first-pass scoring unless manual review finds a problem.,,,Waus8730.v1.chr5.g115190,all_cells,all_cells,11084,2.3972594532419507,0.6792674124864669
photosynthesis_light_harvesting,Photosynthesis / light harvesting,core_marker,keep_initial,high,Waus8730.v1.chr5.g115190,-,6;8,1,29.8563,high,"The light-harvesting complex (LHC) functions as a light receptor, it captures and delivers excitation energy to photosystems with which it is closely associated",High-evidence marker with top-five rank in at least one Wolffia Leiden cluster and interpretable annotation.,Strong ranked marker with interpretable annotation; keep for first-pass scoring unless manual review finds a problem.,,,Waus8730.v1.chr5.g115190,timepoint,dawn,5532,4.159284397245911,0.9922270426608821
photosynthesis_light_harvesting,Photosynthesis / light harvesting,core_marker,keep_initial,high,Waus8730.v1.chr5.g115190,-,6;8,1,29.8563,high,"The light-harvesting complex (LHC) functions as a light receptor, it captures and delivers excitation energy to photosystems with which it is closely associated",High-evidence marker with top-five rank in at least one Wolffia Leiden cluster and interpretable annotation.,Strong ranked marker with interpretable annotation; keep for first-pass scoring unless manual review finds a problem.,,,Waus8730.v1.chr5.g115190,timepoint,dusk,5552,0.6415818613417512,0.36743515850144093
photosynthesis_light_harvesting,Photosynthesis / light harvesting,core_marker,keep_initial,high,Waus8730.v1.chr6.g122410,-,4;6;8,2,40.0379,high,"The light-harvesting complex (LHC) functions as a light receptor, it captures and delivers excitation energy to photosystems with which it is closely associated",High-evidence marker with top-five rank in at least one Wolffia Leiden cluster and interpretable annotation.,Strong ranked marker with interpretable annotation; keep for first-pass scoring unless manual review finds a problem.,,,Waus8730.v1.chr6.g122410,all_cells,all_cells,11084,2.9402423331988268,0.9175387946589679
photosynthesis_light_harvesting,Photosynthesis / light harvesting,core_marker,keep_initial,high,Waus8730.v1.chr6.g122410,-,4;6;8,2,40.0379,high,"The light-harvesting complex (LHC) functions as a light receptor, it captures and delivers excitation energy to photosystems with which it is closely associated",High-evidence marker with top-five rank in at least one Wolffia Leiden cluster and interpretable annotation.,Strong ranked marker with interpretable annotation; keep for first-pass scoring unless manual review finds a problem.,,,Waus8730.v1.chr6.g122410,timepoint,dawn,5532,3.5339452834021525,0.9690889370932755
photosynthesis_light_harvesting,Photosynthesis / light harvesting,core_marker,keep_initial,high,Waus8730.v1.chr6.g122410,-,4;6;8,2,40.0379,high,"The light-harvesting complex (LHC) functions as a light receptor, it captures and delivers excitation energy to photosystems with which it is closely associated",High-evidence marker with top-five rank in at least one Wolffia Leiden cluster and interpretable annotation.,Strong ranked marker with interpretable annotation; keep for first-pass scoring unless manual review finds a problem.,,,Waus8730.v1.chr6.g122410,timepoint,dusk,5552,2.348678082383842,0.8661743515850144
photosynthesis_light_harvesting,Photosynthesis / light harvesting,core_marker,keep_initial,high,Waus8730.v1.chr7.g126900,-,0;11,2,28.3787,high,Photosystem II reaction centre X protein (PsbX),High-evidence marker with top-five rank in at least one Wolffia Leiden cluster and interpretable annotation.,Strong ranked marker with interpretable annotation; keep for first-pass scoring unless manual review finds a problem.,,,Waus8730.v1.chr7.g126900,all_cells,all_cells,11084,2.270658260939332,0.837333092746301
photosynthesis_light_harvesting,Photosynthesis / light harvesting,core_marker,keep_initial,high,Waus8730.v1.chr7.g126900,-,0;11,2,28.3787,high,Photosystem II reaction centre X protein (PsbX),High-evidence marker with top-five rank in at least one Wolffia Leiden cluster and interpretable annotation.,Strong ranked marker with interpretable annotation; keep for first-pass scoring unless manual review finds a problem.,,,Waus8730.v1.chr7.g126900,timepoint,dawn,5532,2.020040553953199,0.7897686189443239
photosynthesis_light_harvesting,Photosynthesis / light harvesting,core_marker,keep_initial,high,Waus8730.v1.chr7.g126900,-,0;11,2,28.3787,high,Photosystem II reaction centre X protein (PsbX),High-evidence marker with top-five rank in at least one Wolffia Leiden cluster and interpretable annotation.,Strong ranked marker with interpretable annotation; keep for first-pass scoring unless manual review finds a problem.,,,Waus8730.v1.chr7.g126900,timepoint,dusk,5552,2.52037316638733,0.8847262247838616
photosynthesis_light_harvesting,Photosynthesis / light harvesting,core_marker,keep_initial,high,Waus8730.v1.chr17.g061240,ELIP,2;8,3,48.9931,high,Chlorophyll A-B binding protein,High-evidence marker with top-five rank in at least one Wolffia Leiden cluster and interpretable annotation.,Strong ranked marker with interpretable annotation; keep for first-pass scoring unless manual review finds a problem.,,,ELIP|Waus8730.v1.chr17.g061240,all_cells,all_cells,11084,1.2305633754213507,0.45173222663298446
photosynthesis_light_harvesting,Photosynthesis / light harvesting,core_marker,keep_initial,high,Waus8730.v1.chr17.g061240,ELIP,2;8,3,48.9931,high,Chlorophyll A-B binding protein,High-evidence marker with top-five rank in at least one Wolffia Leiden cluster and interpretable annotation.,Strong ranked marker with interpretable annotation; keep for first-pass scoring unless manual review finds a problem.,,,ELIP|Waus8730.v1.chr17.g061240,timepoint,dawn,5532,2.341798386255213,0.7866955892986262
photosynthesis_light_harvesting,Photosynthesis / light harvesting,core_marker,keep_initial,high,Waus8730.v1.chr17.g061240,ELIP,2;8,3,48.9931,high,Chlorophyll A-B binding protein,High-evidence marker with top-five rank in at least one Wolffia Leiden cluster and interpretable annotation.,Strong ranked marker with interpretable annotation; keep for first-pass scoring unless manual review finds a problem.,,,ELIP|Waus8730.v1.chr17.g061240,timepoint,dusk,5552,0.12333137255158778,0.11797550432276657
photosynthesis_light_harvesting,Photosynthesis / light harvesting,core_marker,keep_initial,high,Waus8730.v1.chr11.g023520,-,0;4;11,3,39.6595,high,"RuBisCO catalyzes two reactions the carboxylation of D- ribulose 1,5-bisphosphate, the primary event in carbon dioxide fixation, as well as the oxidative fragmentation of the pentose substrate. Both reactions occur simultaneously and in competition at the same",High-evidence marker with top-five rank in at least one Wolffia Leiden cluster and interpretable annotation.,Strong ranked marker with interpretable annotation; keep for first-pass scoring unless manual review finds a problem.,,,Waus8730.v1.chr11.g023520,all_cells,all_cells,11084,4.162279895205015,0.9963911945146157
photosynthesis_light_harvesting,Photosynthesis / light harvesting,core_marker,keep_initial,high,Waus8730.v1.chr11.g023520,-,0;4;11,3,39.6595,high,"RuBisCO catalyzes two reactions the carboxylation of D- ribulose 1,5-bisphosphate, the primary event in carbon dioxide fixation, as well as the oxidative fragmentation of the pentose substrate. Both reactions occur simultaneously and in competition at the same",High-evidence marker with top-five rank in at least one Wolffia Leiden cluster and interpretable annotation.,Strong ranked marker with interpretable annotation; keep for first-pass scoring unless manual review finds a problem.,,,Waus8730.v1.chr11.g023520,timepoint,dawn,5532,4.206669291541066,0.9954808387563269
photosynthesis_light_harvesting,Photosynthesis / light harvesting,core_marker,keep_initial,high,Waus8730.v1.chr11.g023520,-,0;4;11,3,39.6595,high,"RuBisCO catalyzes two reactions the carboxylation of D- ribulose 1,5-bisphosphate, the primary event in carbon dioxide fixation, as well as the oxidative fragmentation of the pentose substrate. Both reactions occur simultaneously and in competition at the same",High-evidence marker with top-five rank in at least one Wolffia Leiden cluster and interpretable annotation.,Strong ranked marker with interpretable annotation; keep for first-pass scoring unless manual review finds a problem.,,,Waus8730.v1.chr11.g023520,timepoint,dusk,5552,4.11805040303444,0.9972982708933718
photosynthesis_light_harvesting,Photosynthesis / light harvesting,core_marker,keep_initial,medium,Waus8730.v1.chr11.g023670,-,0;4;11,4,38.7658,high,"RuBisCO catalyzes two reactions the carboxylation of D- ribulose 1,5-bisphosphate, the primary event in carbon dioxide fixation, as well as the oxidative fragmentation of the pentose substrate. Both reactions occur simultaneously and in competition at the same",High-evidence marker with top-five rank in at least one Wolffia Leiden cluster and interpretable annotation.,Strong ranked marker with interpretable annotation; keep for first-pass scoring unless manual review finds a problem.,,,Waus8730.v1.chr11.g023670,all_cells,all_cells,11084,3.9316578347339783,0.9944965716347889
photosynthesis_light_harvesting,Photosynthesis / light harvesting,core_marker,keep_initial,medium,Waus8730.v1.chr11.g023670,-,0;4;11,4,38.7658,high,"RuBisCO catalyzes two reactions the carboxylation of D- ribulose 1,5-bisphosphate, the primary event in carbon dioxide fixation, as well as the oxidative fragmentation of the pentose substrate. Both reactions occur simultaneously and in competition at the same",High-evidence marker with top-five rank in at least one Wolffia Leiden cluster and interpretable annotation.,Strong ranked marker with interpretable annotation; keep for first-pass scoring unless manual review finds a problem.,,,Waus8730.v1.chr11.g023670,timepoint,dawn,5532,3.968119416740224,0.9920462762111352
photosynthesis_light_harvesting,Photosynthesis / light harvesting,core_marker,keep_initial,medium,Waus8730.v1.chr11.g023670,-,0;4;11,4,38.7658,high,"RuBisCO catalyzes two reactions the carboxylation of D- ribulose 1,5-bisphosphate, the primary event in carbon dioxide fixation, as well as the oxidative fragmentation of the pentose substrate. Both reactions occur simultaneously and in competition at the same",High-evidence marker with top-five rank in at least one Wolffia Leiden cluster and interpretable annotation.,Strong ranked marker with interpretable annotation; keep for first-pass scoring unless manual review finds a problem.,,,Waus8730.v1.chr11.g023670,timepoint,dusk,5552,3.895327598484241,0.9969380403458213
photosynthesis_light_harvesting,Photosynthesis / light harvesting,core_marker,keep_initial,medium,Waus8730.v1.chr11.g023640,-,0;11,4,28.0335,high,"RuBisCO catalyzes two reactions the carboxylation of D- ribulose 1,5-bisphosphate, the primary event in carbon dioxide fixation, as well as the oxidative fragmentation of the pentose substrate. Both reactions occur simultaneously and in competition at the same",High-evidence marker with top-five rank in at least one Wolffia Leiden cluster and interpretable annotation.,Strong ranked marker with interpretable annotation; keep for first-pass scoring unless manual review finds a problem.,,,Waus8730.v1.chr11.g023640,all_cells,all_cells,11084,6.057919772350523,0.9998195597257308
photosynthesis_light_harvesting,Photosynthesis / light harvesting,core_marker,keep_initial,medium,Waus8730.v1.chr11.g023640,-,0;11,4,28.0335,high,"RuBisCO catalyzes two reactions the carboxylation of D- ribulose 1,5-bisphosphate, the primary event in carbon dioxide fixation, as well as the oxidative fragmentation of the pentose substrate. Both reactions occur simultaneously and in competition at the same",High-evidence marker with top-five rank in at least one Wolffia Leiden cluster and interpretable annotation.,Strong ranked marker with interpretable annotation; keep for first-pass scoring unless manual review finds a problem.,,,Waus8730.v1.chr11.g023640,timepoint,dawn,5532,6.098333776646512,1.0
photosynthesis_light_harvesting,Photosynthesis / light harvesting,core_marker,keep_initial,medium,Waus8730.v1.chr11.g023640,-,0;11,4,28.0335,high,"RuBisCO catalyzes two reactions the carboxylation of D- ribulose 1,5-bisphosphate, the primary event in carbon dioxide fixation, as well as the oxidative fragmentation of the pentose substrate. Both reactions occur simultaneously and in competition at the same",High-evidence marker with top-five rank in at least one Wolffia Leiden cluster and interpretable annotation.,Strong ranked marker with interpretable annotation; keep for first-pass scoring unless manual review finds a problem.,,,Waus8730.v1.chr11.g023640,timepoint,dusk,5552,6.017651351643496,0.9996397694524496
photosynthesis_light_harvesting,Photosynthesis / light harvesting,core_marker,keep_initial,medium,Waus8730.v1.chr5.g116260,-,0;6,4,27.8803,high,"RuBisCO catalyzes two reactions the carboxylation of D- ribulose 1,5-bisphosphate, the primary event in carbon dioxide fixation, as well as the oxidative fragmentation of the pentose substrate. Both reactions occur simultaneously and in competition at the same",High-evidence marker with top-five rank in at least one Wolffia Leiden cluster and interpretable annotation.,Strong ranked marker with interpretable annotation; keep for first-pass scoring unless manual review finds a problem.,,,Waus8730.v1.chr5.g116260,all_cells,all_cells,11084,3.8425923077521813,0.9931432695777698
photosynthesis_light_harvesting,Photosynthesis / light harvesting,core_marker,keep_initial,medium,Waus8730.v1.chr5.g116260,-,0;6,4,27.8803,high,"RuBisCO catalyzes two reactions the carboxylation of D- ribulose 1,5-bisphosphate, the primary event in carbon dioxide fixation, as well as the oxidative fragmentation of the pentose substrate. Both reactions occur simultaneously and in competition at the same",High-evidence marker with top-five rank in at least one Wolffia Leiden cluster and interpretable annotation.,Strong ranked marker with interpretable annotation; keep for first-pass scoring unless manual review finds a problem.,,,Waus8730.v1.chr5.g116260,timepoint,dawn,5532,3.986770520603519,0.9936731742588576
photosynthesis_light_harvesting,Photosynthesis / light harvesting,core_marker,keep_initial,medium,Waus8730.v1.chr5.g116260,-,0;6,4,27.8803,high,"RuBisCO catalyzes two reactions the carboxylation of D- ribulose 1,5-bisphosphate, the primary event in carbon dioxide fixation, as well as the oxidative fragmentation of the pentose substrate. Both reactions occur simultaneously and in competition at the same",High-evidence marker with top-five rank in at least one Wolffia Leiden cluster and interpretable annotation.,Strong ranked marker with interpretable annotation; keep for first-pass scoring unless manual review finds a problem.,,,Waus8730.v1.chr5.g116260,timepoint,dusk,5552,3.698933468866445,0.9926152737752162
rna_binding_regulatory,RNA-binding / regulatory,core_marker,keep_initial,high,Waus8730.v1.chr3.g090140,GRP1,0,2,23.6906,high,glycine-rich RNA-binding,High-evidence marker with top-five rank in at least one Wolffia Leiden cluster and interpretable annotation.,Strong ranked marker with interpretable annotation; keep for first-pass scoring unless manual review finds a problem.,,,GRP1|Waus8730.v1.chr3.g090140,all_cells,all_cells,11084,3.0777404360684115,0.8971490436665464
rna_binding_regulatory,RNA-binding / regulatory,core_marker,keep_initial,high,Waus8730.v1.chr3.g090140,GRP1,0,2,23.6906,high,glycine-rich RNA-binding,High-evidence marker with top-five rank in at least one Wolffia Leiden cluster and interpretable annotation.,Strong ranked marker with interpretable annotation; keep for first-pass scoring unless manual review finds a problem.,,,GRP1|Waus8730.v1.chr3.g090140,timepoint,dawn,5532,2.1474129659434165,0.8112798264642083
rna_binding_regulatory,RNA-binding / regulatory,core_marker,keep_initial,high,Waus8730.v1.chr3.g090140,GRP1,0,2,23.6906,high,glycine-rich RNA-binding,High-evidence marker with top-five rank in at least one Wolffia Leiden cluster and interpretable annotation.,Strong ranked marker with interpretable annotation; keep for first-pass scoring unless manual review finds a problem.,,,GRP1|Waus8730.v1.chr3.g090140,timepoint,dusk,5552,4.004716582453763,0.9827089337175793
rna_binding_regulatory,RNA-binding / regulatory,core_marker,keep_initial,high,Waus8730.v1.chr9.g141430,GRP1,0;3,3,39.1241,high,glycine-rich RNA-binding,High-evidence marker with top-five rank in at least one Wolffia Leiden cluster and interpretable annotation.,Strong ranked marker with interpretable annotation; keep for first-pass scoring unless manual review finds a problem.,,,GRP1|Waus8730.v1.chr9.g141430,all_cells,all_cells,11084,1.4426948174977157,0.6164741970407795
rna_binding_regulatory,RNA-binding / regulatory,core_marker,keep_initial,high,Waus8730.v1.chr9.g141430,GRP1,0;3,3,39.1241,high,glycine-rich RNA-binding,High-evidence marker with top-five rank in at least one Wolffia Leiden cluster and interpretable annotation.,Strong ranked marker with interpretable annotation; keep for first-pass scoring unless manual review finds a problem.,,,GRP1|Waus8730.v1.chr9.g141430,timepoint,dawn,5532,0.5396954104252655,0.40527838033261027
rna_binding_regulatory,RNA-binding / regulatory,core_marker,keep_initial,high,Waus8730.v1.chr9.g141430,GRP1,0;3,3,39.1241,high,glycine-rich RNA-binding,High-evidence marker with top-five rank in at least one Wolffia Leiden cluster and interpretable annotation.,Strong ranked marker with interpretable annotation; keep for first-pass scoring unless manual review finds a problem.,,,GRP1|Waus8730.v1.chr9.g141430,timepoint,dusk,5552,2.342441344861691,0.8269092219020173
rna_binding_regulatory,RNA-binding / regulatory,core_marker,keep_initial,high,Waus8730.v1.chr2.g084870,-,0;11,3,28.3507,high,29 kDa ribonucleoprotein,High-evidence marker with top-five rank in at least one Wolffia Leiden cluster and interpretable annotation.,Strong ranked marker with interpretable annotation; keep for first-pass scoring unless manual review finds a problem.,,,Waus8730.v1.chr2.g084870,all_cells,all_cells,11084,1.7667130216848212,0.7183327318657524
rna_binding_regulatory,RNA-binding / regulatory,core_marker,keep_initial,high,Waus8730.v1.chr2.g084870,-,0;11,3,28.3507,high,29 kDa ribonucleoprotein,High-evidence marker with top-five rank in at least one Wolffia Leiden cluster and interpretable annotation.,Strong ranked marker with interpretable annotation; keep for first-pass scoring unless manual review finds a problem.,,,Waus8730.v1.chr2.g084870,timepoint,dawn,5532,0.9187331424749275,0.556760665220535
rna_binding_regulatory,RNA-binding / regulatory,core_marker,keep_initial,high,Waus8730.v1.chr2.g084870,-,0;11,3,28.3507,high,29 kDa ribonucleoprotein,High-evidence marker with top-five rank in at least one Wolffia Leiden cluster and interpretable annotation.,Strong ranked marker with interpretable annotation; keep for first-pass scoring unless manual review finds a problem.,,,Waus8730.v1.chr2.g084870,timepoint,dusk,5552,2.6116382183327196,0.8793227665706052
stress_chaperone_response,Stress / chaperone response,core_marker,keep_initial,high,Waus8730.v1.chr7.g133850,THI1,0;3;12,1,38.8951,high,"Involved in biosynthesis of the thiamine precursor thiazole. Catalyzes the conversion of NAD and glycine to adenosine diphosphate 5-(2-hydroxyethyl)-4-methylthiazole-2-carboxylic acid (ADT), an adenylated thiazole intermediate. The reaction includes an iron-de",High-evidence marker with top-five rank in at least one Wolffia Leiden cluster and interpretable annotation.,Strong ranked marker with interpretable annotation; keep for first-pass scoring unless manual review finds a problem.,,,THI1|Waus8730.v1.chr7.g133850,all_cells,all_cells,11084,3.3730019695997906,0.8716167448574522
stress_chaperone_response,Stress / chaperone response,core_marker,keep_initial,high,Waus8730.v1.chr7.g133850,THI1,0;3;12,1,38.8951,high,"Involved in biosynthesis of the thiamine precursor thiazole. Catalyzes the conversion of NAD and glycine to adenosine diphosphate 5-(2-hydroxyethyl)-4-methylthiazole-2-carboxylic acid (ADT), an adenylated thiazole intermediate. The reaction includes an iron-de",High-evidence marker with top-five rank in at least one Wolffia Leiden cluster and interpretable annotation.,Strong ranked marker with interpretable annotation; keep for first-pass scoring unless manual review finds a problem.,,,THI1|Waus8730.v1.chr7.g133850,timepoint,dawn,5532,1.8599307216113494,0.7442154736080984
stress_chaperone_response,Stress / chaperone response,core_marker,keep_initial,high,Waus8730.v1.chr7.g133850,THI1,0;3;12,1,38.8951,high,"Involved in biosynthesis of the thiamine precursor thiazole. Catalyzes the conversion of NAD and glycine to adenosine diphosphate 5-(2-hydroxyethyl)-4-methylthiazole-2-carboxylic acid (ADT), an adenylated thiazole intermediate. The reaction includes an iron-de",High-evidence marker with top-five rank in at least one Wolffia Leiden cluster and interpretable annotation.,Strong ranked marker with interpretable annotation; keep for first-pass scoring unless manual review finds a problem.,,,THI1|Waus8730.v1.chr7.g133850,timepoint,dusk,5552,4.880622672746776,0.9985590778097982
stress_chaperone_response,Stress / chaperone response,core_marker,keep_initial,high,Waus8730.v1.chr16.g057270,-,7;13,2,33.4889,high,Protein PLANT CADMIUM RESISTANCE,High-evidence marker with top-five rank in at least one Wolffia Leiden cluster and interpretable annotation.,Strong ranked marker with interpretable annotation; keep for first-pass scoring unless manual review finds a problem.,,,Waus8730.v1.chr16.g057270,all_cells,all_cells,11084,0.7255047448232267,0.3654817755322988
stress_chaperone_response,Stress / chaperone response,core_marker,keep_initial,high,Waus8730.v1.chr16.g057270,-,7;13,2,33.4889,high,Protein PLANT CADMIUM RESISTANCE,High-evidence marker with top-five rank in at least one Wolffia Leiden cluster and interpretable annotation.,Strong ranked marker with interpretable annotation; keep for first-pass scoring unless manual review finds a problem.,,,Waus8730.v1.chr16.g057270,timepoint,dawn,5532,0.6265444765813487,0.3532176428054953
stress_chaperone_response,Stress / chaperone response,core_marker,keep_initial,high,Waus8730.v1.chr16.g057270,-,7;13,2,33.4889,high,Protein PLANT CADMIUM RESISTANCE,High-evidence marker with top-five rank in at least one Wolffia Leiden cluster and interpretable annotation.,Strong ranked marker with interpretable annotation; keep for first-pass scoring unless manual review finds a problem.,,,Waus8730.v1.chr16.g057270,timepoint,dusk,5552,0.8241085279489595,0.37770172910662825
stress_chaperone_response,Stress / chaperone response,core_marker,keep_initial,high,Waus8730.v1.chr3.g095120,-,14,2,10.8817,high,Universal stress protein,High-evidence marker with top-five rank in at least one Wolffia Leiden cluster and interpretable annotation.,Strong ranked marker with interpretable annotation; keep for first-pass scoring unless manual review finds a problem.,,,Waus8730.v1.chr3.g095120,all_cells,all_cells,11084,0.20437365541918764,0.18549260194875497
stress_chaperone_response,Stress / chaperone response,core_marker,keep_initial,high,Waus8730.v1.chr3.g095120,-,14,2,10.8817,high,Universal stress protein,High-evidence marker with top-five rank in at least one Wolffia Leiden cluster and interpretable annotation.,Strong ranked marker with interpretable annotation; keep for first-pass scoring unless manual review finds a problem.,,,Waus8730.v1.chr3.g095120,timepoint,dawn,5532,0.20367149121978628,0.20354302241503977
stress_chaperone_response,Stress / chaperone response,core_marker,keep_initial,high,Waus8730.v1.chr3.g095120,-,14,2,10.8817,high,Universal stress protein,High-evidence marker with top-five rank in at least one Wolffia Leiden cluster and interpretable annotation.,Strong ranked marker with interpretable annotation; keep for first-pass scoring unless manual review finds a problem.,,,Waus8730.v1.chr3.g095120,timepoint,dusk,5552,0.20507329020864878,0.167507204610951
stress_chaperone_response,Stress / chaperone response,core_marker,keep_initial,high,Waus8730.v1.chr20.g087750,-,9,3,36.451,high,Bifunctional monodehydroascorbate reductase and carbonic anhydrase nectarin-3,High-evidence marker with top-five rank in at least one Wolffia Leiden cluster and interpretable annotation.,Strong ranked marker with interpretable annotation; keep for first-pass scoring unless manual review finds a problem.,,,Waus8730.v1.chr20.g087750,all_cells,all_cells,11084,0.4965631073447636,0.22924936845904006
stress_chaperone_response,Stress / chaperone response,core_marker,keep_initial,high,Waus8730.v1.chr20.g087750,-,9,3,36.451,high,Bifunctional monodehydroascorbate reductase and carbonic anhydrase nectarin-3,High-evidence marker with top-five rank in at least one Wolffia Leiden cluster and interpretable annotation.,Strong ranked marker with interpretable annotation; keep for first-pass scoring unless manual review finds a problem.,,,Waus8730.v1.chr20.g087750,timepoint,dawn,5532,0.7905187318230803,0.3458062183658713
stress_chaperone_response,Stress / chaperone response,core_marker,keep_initial,high,Waus8730.v1.chr20.g087750,-,9,3,36.451,high,Bifunctional monodehydroascorbate reductase and carbonic anhydrase nectarin-3,High-evidence marker with top-five rank in at least one Wolffia Leiden cluster and interpretable annotation.,Strong ranked marker with interpretable annotation; keep for first-pass scoring unless manual review finds a problem.,,,Waus8730.v1.chr20.g087750,timepoint,dusk,5552,0.20366640082206067,0.11311239193083573
stress_chaperone_response,Stress / chaperone response,core_marker,keep_initial,high,Waus8730.v1.chr4.g101260,-,12,3,19.8257,high,Belongs to the peroxidase family. Classical plant (class III) peroxidase subfamily,High-evidence marker with top-five rank in at least one Wolffia Leiden cluster and interpretable annotation.,Strong ranked marker with interpretable annotation; keep for first-pass scoring unless manual review finds a problem.,,,Waus8730.v1.chr4.g101260,all_cells,all_cells,11084,0.5038441467965936,0.2435943702634428
stress_chaperone_response,Stress / chaperone response,core_marker,keep_initial,high,Waus8730.v1.chr4.g101260,-,12,3,19.8257,high,Belongs to the peroxidase family. Classical plant (class III) peroxidase subfamily,High-evidence marker with top-five rank in at least one Wolffia Leiden cluster and interpretable annotation.,Strong ranked marker with interpretable annotation; keep for first-pass scoring unless manual review finds a problem.,,,Waus8730.v1.chr4.g101260,timepoint,dawn,5532,0.3910405180883767,0.2010122921185828
stress_chaperone_response,Stress / chaperone response,core_marker,keep_initial,high,Waus8730.v1.chr4.g101260,-,12,3,19.8257,high,Belongs to the peroxidase family. Classical plant (class III) peroxidase subfamily,High-evidence marker with top-five rank in at least one Wolffia Leiden cluster and interpretable annotation.,Strong ranked marker with interpretable annotation; keep for first-pass scoring unless manual review finds a problem.,,,Waus8730.v1.chr4.g101260,timepoint,dusk,5552,0.6162414223754581,0.28602305475504325
stress_chaperone_response,Stress / chaperone response,core_marker,keep_initial,medium,Waus8730.v1.chr4.g106130,-,2;3,5,44.2992,high,Late embryogenesis abundant protein,High-evidence marker with top-five rank in at least one Wolffia Leiden cluster and interpretable annotation.,Strong ranked marker with interpretable annotation; keep for first-pass scoring unless manual review finds a problem.,,,Waus8730.v1.chr4.g106130,all_cells,all_cells,11084,1.691826060651148,0.6561710573800072
stress_chaperone_response,Stress / chaperone response,core_marker,keep_initial,medium,Waus8730.v1.chr4.g106130,-,2;3,5,44.2992,high,Late embryogenesis abundant protein,High-evidence marker with top-five rank in at least one Wolffia Leiden cluster and interpretable annotation.,Strong ranked marker with interpretable annotation; keep for first-pass scoring unless manual review finds a problem.,,,Waus8730.v1.chr4.g106130,timepoint,dawn,5532,1.7455701124811605,0.673355025307303
stress_chaperone_response,Stress / chaperone response,core_marker,keep_initial,medium,Waus8730.v1.chr4.g106130,-,2;3,5,44.2992,high,Late embryogenesis abundant protein,High-evidence marker with top-five rank in at least one Wolffia Leiden cluster and interpretable annotation.,Strong ranked marker with interpretable annotation; keep for first-pass scoring unless manual review finds a problem.,,,Waus8730.v1.chr4.g106130,timepoint,dusk,5552,1.6382756113133188,0.6390489913544669
stress_chaperone_response,Stress / chaperone response,core_marker,keep_initial,medium,Waus8730.v1.chr15.g053120,-,13,5,20.4737,high,Multidrug resistance protein,High-evidence marker with top-five rank in at least one Wolffia Leiden cluster and interpretable annotation.,Strong ranked marker with interpretable annotation; keep for first-pass scoring unless manual review finds a problem.,,,Waus8730.v1.chr15.g053120,all_cells,all_cells,11084,0.2265003315791992,0.15481775532298808
stress_chaperone_response,Stress / chaperone response,core_marker,keep_initial,medium,Waus8730.v1.chr15.g053120,-,13,5,20.4737,high,Multidrug resistance protein,High-evidence marker with top-five rank in at least one Wolffia Leiden cluster and interpretable annotation.,Strong ranked marker with interpretable annotation; keep for first-pass scoring unless manual review finds a problem.,,,Waus8730.v1.chr15.g053120,timepoint,dawn,5532,0.2117206421686035,0.15654374548083877
stress_chaperone_response,Stress / chaperone response,core_marker,keep_initial,medium,Waus8730.v1.chr15.g053120,-,13,5,20.4737,high,Multidrug resistance protein,High-evidence marker with top-five rank in at least one Wolffia Leiden cluster and interpretable annotation.,Strong ranked marker with interpretable annotation; keep for first-pass scoring unless manual review finds a problem.,,,Waus8730.v1.chr15.g053120,timepoint,dusk,5552,0.24122678003370487,0.1530979827089337
stress_chaperone_response,Stress / chaperone response,supporting_marker,supporting_review,medium,Waus8730.v1.chr15.g050040,-,13,7,20.3604,medium,Chaperone protein dnaJ 8,High- or medium-evidence marker within the top-eight ranks; useful as supporting evidence for this candidate program.,"Useful supporting marker, but should be checked manually before being treated as a core program marker.",,,Waus8730.v1.chr15.g050040,all_cells,all_cells,11084,1.8198322842934216,0.7463009743774811
stress_chaperone_response,Stress / chaperone response,supporting_marker,supporting_review,medium,Waus8730.v1.chr15.g050040,-,13,7,20.3604,medium,Chaperone protein dnaJ 8,High- or medium-evidence marker within the top-eight ranks; useful as supporting evidence for this candidate program.,"Useful supporting marker, but should be checked manually before being treated as a core program marker.",,,Waus8730.v1.chr15.g050040,timepoint,dawn,5532,1.7041335928502697,0.7236080983369486
stress_chaperone_response,Stress / chaperone response,supporting_marker,supporting_review,medium,Waus8730.v1.chr15.g050040,-,13,7,20.3604,medium,Chaperone protein dnaJ 8,High- or medium-evidence marker within the top-eight ranks; useful as supporting evidence for this candidate program.,"Useful supporting marker, but should be checked manually before being treated as a core program marker.",,,Waus8730.v1.chr15.g050040,timepoint,dusk,5552,1.935114193706879,0.7689121037463977
unknown_high_marker,Unknown high-ranking marker,watchlist_unknown,unknown_watchlist,watchlist,Waus8730.v1.chr5.g116730,-,2,1,49.9679,high,"Protein of unknown function, DUF538",Strong Wolffia marker with unknown or unclear annotation; keep as a watchlist feature rather than a final biological marker.,Strong marker with unclear/unknown annotation; keep visible as a Wolffia-specific watchlist gene.,,,Waus8730.v1.chr5.g116730,all_cells,all_cells,11084,1.8012247924812599,0.6722302417899675
unknown_high_marker,Unknown high-ranking marker,watchlist_unknown,unknown_watchlist,watchlist,Waus8730.v1.chr5.g116730,-,2,1,49.9679,high,"Protein of unknown function, DUF538",Strong Wolffia marker with unknown or unclear annotation; keep as a watchlist feature rather than a final biological marker.,Strong marker with unclear/unknown annotation; keep visible as a Wolffia-specific watchlist gene.,,,Waus8730.v1.chr5.g116730,timepoint,dawn,5532,2.024139117581437,0.7199927693420102
unknown_high_marker,Unknown high-ranking marker,watchlist_unknown,unknown_watchlist,watchlist,Waus8730.v1.chr5.g116730,-,2,1,49.9679,high,"Protein of unknown function, DUF538",Strong Wolffia marker with unknown or unclear annotation; keep as a watchlist feature rather than a final biological marker.,Strong marker with unclear/unknown annotation; keep visible as a Wolffia-specific watchlist gene.,,,Waus8730.v1.chr5.g116730,timepoint,dusk,5552,1.5791134728749594,0.6246397694524496
unknown_high_marker,Unknown high-ranking marker,watchlist_unknown,unknown_watchlist,watchlist,Waus8730.v1.chr4.g105210,-,13,3,21.6994,high,Protein of unknown function (DUF1645),Strong Wolffia marker with unknown or unclear annotation; keep as a watchlist feature rather than a final biological marker.,Strong marker with unclear/unknown annotation; keep visible as a Wolffia-specific watchlist gene.,,,Waus8730.v1.chr4.g105210,all_cells,all_cells,11084,0.7617851063755223,0.382713821725009
unknown_high_marker,Unknown high-ranking marker,watchlist_unknown,unknown_watchlist,watchlist,Waus8730.v1.chr4.g105210,-,13,3,21.6994,high,Protein of unknown function (DUF1645),Strong Wolffia marker with unknown or unclear annotation; keep as a watchlist feature rather than a final biological marker.,Strong marker with unclear/unknown annotation; keep visible as a Wolffia-specific watchlist gene.,,,Waus8730.v1.chr4.g105210,timepoint,dawn,5532,0.878867815495866,0.4383586406362979
unknown_high_marker,Unknown high-ranking marker,watchlist_unknown,unknown_watchlist,watchlist,Waus8730.v1.chr4.g105210,-,13,3,21.6994,high,Protein of unknown function (DUF1645),Strong Wolffia marker with unknown or unclear annotation; keep as a watchlist feature rather than a final biological marker.,Strong marker with unclear/unknown annotation; keep visible as a Wolffia-specific watchlist gene.,,,Waus8730.v1.chr4.g105210,timepoint,dusk,5552,0.64512416493933,0.32726945244956773
unknown_high_marker,Unknown high-ranking marker,watchlist_unknown,unknown_watchlist,watchlist,Waus8730.v1.chr2.g075880,-,7,4,40.0821,high,"Protein of unknown function, DUF538",Strong Wolffia marker with unknown or unclear annotation; keep as a watchlist feature rather than a final biological marker.,Strong marker with unclear/unknown annotation; keep visible as a Wolffia-specific watchlist gene.,,,Waus8730.v1.chr2.g075880,all_cells,all_cells,11084,1.3277694052899718,0.4886322627210393
unknown_high_marker,Unknown high-ranking marker,watchlist_unknown,unknown_watchlist,watchlist,Waus8730.v1.chr2.g075880,-,7,4,40.0821,high,"Protein of unknown function, DUF538",Strong Wolffia marker with unknown or unclear annotation; keep as a watchlist feature rather than a final biological marker.,Strong marker with unclear/unknown annotation; keep visible as a Wolffia-specific watchlist gene.,,,Waus8730.v1.chr2.g075880,timepoint,dawn,5532,1.1922988606682585,0.4645697758496023
unknown_high_marker,Unknown high-ranking marker,watchlist_unknown,unknown_watchlist,watchlist,Waus8730.v1.chr2.g075880,-,7,4,40.0821,high,"Protein of unknown function, DUF538",Strong Wolffia marker with unknown or unclear annotation; keep as a watchlist feature rather than a final biological marker.,Strong marker with unclear/unknown annotation; keep visible as a Wolffia-specific watchlist gene.,,,Waus8730.v1.chr2.g075880,timepoint,dusk,5552,1.462751943627025,0.5126080691642652
unknown_high_marker,Unknown high-ranking marker,watchlist_unknown,unknown_watchlist,watchlist,Waus8730.v1.chr9.g142880,-,2;3,7,42.2644,medium,"Protein of unknown function, DUF538",Strong Wolffia marker with unknown or unclear annotation; keep as a watchlist feature rather than a final biological marker.,Strong marker with unclear/unknown annotation; keep visible as a Wolffia-specific watchlist gene.,,,Waus8730.v1.chr9.g142880,all_cells,all_cells,11084,2.039494230000921,0.7372789606640202
unknown_high_marker,Unknown high-ranking marker,watchlist_unknown,unknown_watchlist,watchlist,Waus8730.v1.chr9.g142880,-,2;3,7,42.2644,medium,"Protein of unknown function, DUF538",Strong Wolffia marker with unknown or unclear annotation; keep as a watchlist feature rather than a final biological marker.,Strong marker with unclear/unknown annotation; keep visible as a Wolffia-specific watchlist gene.,,,Waus8730.v1.chr9.g142880,timepoint,dawn,5532,1.9071087047239894,0.7154736080983369
unknown_high_marker,Unknown high-ranking marker,watchlist_unknown,unknown_watchlist,watchlist,Waus8730.v1.chr9.g142880,-,2;3,7,42.2644,medium,"Protein of unknown function, DUF538",Strong Wolffia marker with unknown or unclear annotation; keep as a watchlist feature rather than a final biological marker.,Strong marker with unclear/unknown annotation; keep visible as a Wolffia-specific watchlist gene.,,,Waus8730.v1.chr9.g142880,timepoint,dusk,5552,2.17140286217527,0.7590057636887608
unknown_high_marker,Unknown high-ranking marker,watchlist_unknown,unknown_watchlist,watchlist,Waus8730.v1.chr19.g070270,-,14,8,8.8351,medium,"Hydrolyzes acetyl esters in homogalacturonan regions of pectin. In type I primary cell wall, galacturonic acid residues of pectin can be acetylated at the O-2 and O-3 positions. Decreasing the degree of acetylation of pectin gels in vitro alters their physical",Strong Wolffia marker with unknown or unclear annotation; keep as a watchlist feature rather than a final biological marker.,Strong marker with unclear/unknown annotation; keep visible as a Wolffia-specific watchlist gene.,,,Waus8730.v1.chr19.g070270,all_cells,all_cells,11084,0.09628505807834953,0.1207145434861061
unknown_high_marker,Unknown high-ranking marker,watchlist_unknown,unknown_watchlist,watchlist,Waus8730.v1.chr19.g070270,-,14,8,8.8351,medium,"Hydrolyzes acetyl esters in homogalacturonan regions of pectin. In type I primary cell wall, galacturonic acid residues of pectin can be acetylated at the O-2 and O-3 positions. Decreasing the degree of acetylation of pectin gels in vitro alters their physical",Strong Wolffia marker with unknown or unclear annotation; keep as a watchlist feature rather than a final biological marker.,Strong marker with unclear/unknown annotation; keep visible as a Wolffia-specific watchlist gene.,,,Waus8730.v1.chr19.g070270,timepoint,dawn,5532,0.11355419015380515,0.15509761388286333
unknown_high_marker,Unknown high-ranking marker,watchlist_unknown,unknown_watchlist,watchlist,Waus8730.v1.chr19.g070270,-,14,8,8.8351,medium,"Hydrolyzes acetyl esters in homogalacturonan regions of pectin. In type I primary cell wall, galacturonic acid residues of pectin can be acetylated at the O-2 and O-3 positions. Decreasing the degree of acetylation of pectin gels in vitro alters their physical",Strong Wolffia marker with unknown or unclear annotation; keep as a watchlist feature rather than a final biological marker.,Strong marker with unclear/unknown annotation; keep visible as a Wolffia-specific watchlist gene.,,,Waus8730.v1.chr19.g070270,timepoint,dusk,5552,0.07907813469192654,0.08645533141210375
